Population,Plant_ID,Fruit_nr,Treatment,Missing_seeds,Seeds_counted,fruit_length,Branch ,Comments
G3,13,5,c,0,15,,0,
G3,13,6,c,0,28,49,0,
G3,13,1,hp,0,25,,0,
G3,13,2,n,0,9,,0,
G3,13,2,hp,0,9,23,0,
G3,13,3,c,0,6,,0,
G3,13,4,hp,0,1,,0,
G3,13,1,n,0,16,25,0,
G3,13,3,n,0,6,,0,
G3,1,1,e,0,1,,0,
G3,1,2,hp,0,0,0,0,
G3,1,3,hp,0,1,8,0,
G3,1,4,c,0,0,,0,
G3,1,5,hp,0,0,,0,
G3,1,6,c,0,0,,0,
G3,1,7,hp,0,0,,1,
G3,1,8,c,0,0,,1,
G3,1,9,e,0,1,13,1,
G3,1,10,c,0,0,,1,
G3,1,11,hp,0,3,8,1,
G3,1,12,e,0,1,,1,
G3,7,1,hp,0,1,,0,
G3,7,2,hp,0,22,23,0,
G3,7,3,c,0,6,,0,
G3,7,4,c,0,0,,0,
G3,7,5,e,0,3,,0,
G3,7,6,hp,0,0,,0,
G3,7,7,c,0,0,6,0,
G3,7,8,c,0,0,,1,
G3,7,9,hp,0,0,,1,
G3,7,10,hp,0,35,44,0,
G3,7,11,e,0,9,24,0,
G3,7,1,n,0,10,,0,
G3,7,2,n,0,22,,0,
G3,7,3,n,0,17,,0,
G3,7,4,n,0,21,43,0,
G3,19,1,c,0,1,,0,
G3,19,2,e,0,2,,0,
G3,19,3,hp,0,8,,0,
G3,19,4,hp,0,0,0,0,
G3,19,5,c,0,16,,0,
G3,19,6,e,0,16,,1,
G3,19,7,e,0,26,,1,
G3,19,8,e,0,17,34,1,
G3,19,9,hp,0,8,,1,
G3,19,10,c,0,6,,1,
G3,19,11,e,0,7,15,1,
G3,19,12,hp,0,9,,1,
G3,19,13,c,0,8,21,1,
G3,19,1,n,0,0,,0,
G3,19,2,n,0,1,,0,
G3,19,3,n,0,3,,1,
G3,19,4,n,0,0,,1,
G3,25,1,c,0,2,,0,
G3,25,2,hp,0,35,32,0,
G3,25,3,hp,0,29,,0,
G3,25,4,e,0,16,,0,
G3,25,5,c,0,37,41,0,
G3,25,6,e,0,30,,0,
G3,25,7,e,0,19,,0,
G3,25,8,c,0,0,,1,
G3,25,9,hp,0,9,23,1,
G3,25,10,e,0,5,,1,
G3,25,11,e,0,29,52,0,
G3,25,1,n,0,12,,0,
G3,25,2,n,0,0,,0,
G3,25,3,n,0,2,,1,
G3,31,1,c,0,0,,0,
G3,31,2,hp,0,11,27,0,
G3,31,3,hp,0,0,,0,
G3,31,4,c,1,  ,26,0,
G3,31,5,c,0,20,39,0,
G3,31,6,hp,0,0,,0,
G3,31,7,hp,0,7,,0,
G3,31,8,c,0,1,32,0,
G3,31,9,c,0,0,,0,
G3,31,10,hp,0,0,,0,
G3,31,1,n,0,13,,0,
G3,31,2,n,0,0,11,0,
G3,31,3,n,0,31,45,0,
G3,31,4,n,0,21,,0,
G3,31,5,n,0,0,,0,
G3,38,1,hp,0,0,,0,
G3,38,2,c,0,0,,0,
G3,38,3,c,0,0,0,0,
G3,38,4,hp,0,0,,0,
G3,38,5,hp,0,3,,1,
G3,38,6,c,0,4,,1,
G3,38,7,hp,0,22,47,1,
G3,38,8,c,0,0,,1,
G3,38,1,n,0,0,,0,
G3,38,2,n,0,3,6,0,
G3,38,3,n,0,33,,1,
G3,38,4,n,0,7,,1,
G3,43,1,e,0,18,61,0,
G3,43,2,hp,0,19,58,0,
G3,43,3,c,0,14,,0,
G3,43,4,c,0,18,54,0,
G3,43,5,hp,0,18,,0,
G3,43,6,e,0,2,,0,plus tiny seeds
G3,43,7,c,0,0,,0,
G3,43,8,hp,0,2,17,1,
G3,43,9,hp,0,0,,1,
G3,43,10,c,0,0,,1,
G3,43,1,n,0,10,,0,
G3,43,2,n,0,7,30,0,
G3,43,3,n,0,0,,0,
G3,43,4,n,0,1,,0,
G3,49,1,hp,0,0,6,0,
G3,49,2,hp,0,33,55,0,
G3,49,3,c,0,28,,0,
G3,49,4,c,0,16,,0,
G3,49,5,hp,0,11,,0,
G3,49,6,e,0,11,,0,
G3,49,7,c,0,20,,0,
G3,49,8,c,0,0,,1,
G3,49,9,hp,0,0,,1,
G3,49,10,hp,0,25,22,1,
G3,49,11,c,0,22,,1,
G3,49,12,e,0,2,,1,
G3,49,13,e,0,0,,0,
G3,49,14,e,0,10,,0,
G3,49,15,e,0,1,,0,
G3,49,1,n,0,14,,0,
G3,49,2,n,0,32,,0,
G3,49,3,n,0,10,,0,
G3,49,4,n,0,3,14,0,
G3,49,5,n,0,0,,0,
G3,61,1,hp,0,3,,0,
G3,61,2,hp,0,0,,0,
G3,61,3,hp,0,13,34,0,
G3,61,4,c,0,25,47,0,
G3,61,5,e,0,5,20,0,
G3,61,6,c,0,18,,0,
G3,61,7,e,0,13,29,0,
G3,61,8,hp,0,14,24,1,
G3,61,9,c,0,17,31,1,
G3,61,10,e,0,17,,1,
G3,61,11,hp,0,10,,1,
G3,61,12,c,0,6,,0,
G3,61,13,e,0,29,47,0,
G3,61,14,e,0,5,,0,
G3,61,1,n,0,1,20,0,
G3,61,2,n,0,8,25,0,
G3,61,3,n,0,11,,1,
G3,61,4,n,0,18,,1,
G3,61,5,n,0,12,,1,
G3,85,1,c,0,1,19,0,
G3,85,2,hp,0,11,,0,
G3,85,3,hp,0,27,63,0,
G3,85,4,c,0,0,,0,
G3,85,5,hp,0,0,,0,
G3,85,6,hp,0,12,,0,
G3,85,7,c,0,1,,0,
G3,85,8,hp,0,0,,0,
G3,85,9,c,0,0,,0,
G3,85,10,c,0,1,,0,
G3,85,1,n,0,29,,0,
G3,85,2,n,0,26,62,0,
G3,85,3,n,0,3,49,0,
G3,85,4,n,0,0,,0,
G3,85,5,n,0,1,9,0,
G3,91,1,c,0,24,,0,
G3,91,2,hp,0,9,,0,
G3,91,3,hp,0,10,,0,
G3,91,4,hp,0,13,35,0,
G3,91,5,c,0,0,,0,
G3,91,6,hp,0,27,,0,
G3,91,7,c,0,0,,1,
G3,91,8,c,0,0,,1,
G3,91,9,hp,0,13,43,1,
G3,91,10,c,0,16,,1,
G3,91,11,e,0,32,45,1,
G3,91,12,e,0,4,16,1,
G3,91,13,e,0,28,,1,
G3,91,14,e,0,14,,1,
G3,91,1,n,0,12,,0,
G3,91,2,n,0,15,,0,
G3,91,3,n,1,4,,0,cut fruit
G3,91,4,n,0,22,,0,
G3,91,5,n,0,23,,0,
G3,103,1,hp,0,4,12,0,
G3,103,2,c,0,13,27,0,
G3,103,3,hp,1,1,,0,cut fruit
G3,103,4,hp,0,18,39,0,
G3,103,5,c,0,3,,0,
G3,103,6,c,1,1,,0,cut fruit
G3,103,7,hp,0,14,,0,
G3,103,8,c,0,0,,0,
G3,103,9,c,0,2,8,0,
G3,103,10,hp,0,2,,0,
G3,103,1,n,0,32,,0,
G3,103,2,n,0,24,,0,
G3,103,3,n,0,4,,0,
G3,103,4,n,0,4,,0,
G3,103,5,n,0,0,,0,
G3,109,1,hp,0,0,,0,
G3,109,2,hp,0,1,,0,
G3,109,3,c,0,0,,0,
G3,109,4,c,0,0,,0,
G3,109,5,e,0,4,17,0,
G3,109,6,hp,0,2,,1,
G3,109,7,c,0,6,,1,
G3,109,8,e,0,3,,1,
G3,109,9,hp,0,0,,1,
G3,109,10,c,0,5,20,1,
G3,109,11,hp,0,1,8,1,
G3,109,12,c,0,1,,1,
G3,109,1,n,0,12,,0,
G3,109,2,n,0,8,,0,
G3,109,3,n,0,2,11,0,
G3,109,4,n,0,0,,0,
G3,109,5,n,0,3,,0,
G3,115,1,hp,1,  ,25,0,
G3,115,2,c,0,5,,0,
G3,115,3,hp,0,11,,0,
G3,115,4,c,0,8,,0,
G3,115,5,e,0,11,,0,
G3,115,6,e,0,5,,0,
G3,115,7,c,0,8,,0,
G3,115,1,n,0,13,42,0,
G3,115,2,n,0,14,,0,
G3,115,3,n,0,4,,0,
G3,121,1,hp,0,27,45,0,
G3,121,2,c,0,27,,0,
G3,121,3,c,0,26,,0,
G3,121,4,hp,0,28,,0,
G3,121,5,c,0,23,,0,
G3,121,6,hp,0,11,,0,
G3,121,7,hp,0,15,,0,
G3,121,8,c,0,5,,0,
G3,121,9,c,0,26,,0,
G3,121,1,n,0,18,,0,
G3,121,2,n,0,19,,0,
G3,121,3,n,0,23,,0,
G3,121,4,n,0,16,34,0,
G3,121,5,n,0,20,,0,
G3,127,1,c,0,18,,0,
G3,127,2,c,0,18,,0,
G3,127,3,c,0,3,,0,
G3,127,4,c,0,23,,0,
G3,127,5,hp,0,21,43,0,
G3,127,6,hp,0,39,,0,
G3,127,7,hp,0,27,,0,
G3,127,8,hp,0,36,,0,
G3,127,9,e,0,8,,0,
G3,127,1,n,0,5,19,0,
G3,127,2,n,0,21,,0,
G3,127,3,n,0,35,,0,
G3,127,4,n,0,27,,0,
G3,133,1,e,0,32,,0,
G3,133,2,e,0,20,42,0,
G3,133,3,e,0,11,27,0,
G3,133,4,c,0,0,,0,
G3,133,5,c,0,22,,0,
G3,133,6,hp,0,32,49,0,
G3,133,7,hp,0,22,,0,
G3,133,8,hp,0,25,,0,
G3,133,9,c,0,0,,0,
G3,133,10,hp,0,19,34,1,
G3,133,11,c,0,2,5,1,
G3,133,12,c,0,10,,1,
G3,133,13,hp,0,27,,1,
G3,133,1,n,0,23,,0,
G3,133,2,n,0,12,,0,
G3,133,3,n,0,18,,0,
G3,133,4,n,0,27,43,0,
G3,133,5,n,0,26,,0,
G3,139,1,c,0,0,,0,
G3,139,2,hp,0,7,21,0,
G3,139,3,hp,0,0,,0,undeveloped seeds
G3,139,4,hp,0,0,16,0,
G3,139,5,c,1,2,5,0,cut fruit
G3,139,6,c,0,3,,0,
G3,139,1,n,0,2,,0,
G3,139,2,n,0,20,52,0,
G3,139,3,n,0,2,,0,
G3,145,1,e,0,1,13,0,
G3,145,2,c,0,0,,0,
G3,145,3,c,0,0,,0,
G3,145,4,hp,0,1,,0,
G3,145,5,hp,0,0,,0,
G3,145,6,hp,0,0,,0,
G3,145,1,n,0,19,41,0,
G3,145,2,n,0,2,10,0,
G3,157,1,hp,0,2,,0,
G3,157,2,c,0,0,7,0,
G3,157,3,hp,0,0,3,0,
G3,157,4,e,0,1,9,0,
G3,157,5,hp,0,0,,0,
G3,157,6,c,0,0,,0,
G3,157,7,hp,0,0,,0,
G3,157,8,c,0,0,,0,
G3,157,1,n,0,18,,0,
G3,157,2,n,0,2,5,0,
G3,157,3,n,0,0,,0,
G3,164,1,hp,0,8,,0,
G3,164,2,c,0,0,,0,
G3,164,3,hp,0,0,,0,
G3,164,4,hp,0,24,,0,
G3,164,5,c,0,24,,0,
G3,164,6,c,0,2,,0,
G3,164,7,hp,0,6,15,0,
G3,164,8,c,0,0,,0,
G3,164,1,n,0,0,5,0,
G3,164,2,n,0,0,6,0,
G3,164,3,n,0,0,,0,
G3,164,4,n,0,0,,0,
G3,169,1,hp,0,5,,0,
G3,169,2,c,0,1,,0,
G3,169,3,hp,0,0,,0,undeveloped
G3,169,4,c,0,0,,0,undeveloped
G3,169,5,hp,0,0,,0,undeveloped
G3,169,6,c,0,0,,0,undeveloped
G3,169,1,n,0,0,0,0,undeveloped
G3,169,2,n,0,0,,0,
G3,169,3,n,0,3,,0,
G3,175,1,c,0,0,,0,
G3,175,2,c,0,3,22,0,
G3,175,3,hp,0,0,15,0,
G3,175,4,hp,0,1,,0,
G3,175,5,e,0,7,23,0,
G3,175,6,e,0,10,33,0,
G3,175,7,hp,0,5,,1,
G3,175,8,c,0,4,,1,
G3,175,9,e,0,18,33,1,
G3,175,10,e,0,2,13,1,
G3,175,11,c,0,0,,1,
G3,175,12,hp,0,1,,1,
G3,175,13,hp,0,0,,1,
G3,175,14,c,0,8,23,1,
G3,175,15,e,0,11,,1,
G3,175,1,n,0,12,,0,
G3,175,2,n,0,22,,0,
G3,175,3,n,0,17,,0,
G3,175,4,n,0,14,,0,
G3,175,5,n,0,17,31,0,
G3,188,1,hp,0,6,,0,
G3,188,2,hp,0,28,52,0,
G3,188,3,hp,0,9,,0,
G3,188,4,  ,  ,  ,  ,0,missing envelope
G3,188,5,c,0,18,,0,
G3,188,6,e,0,24,41,0,
G3,188,1,n,0,19,,0,
G3,188,2,n,0,10,,0,
G3,193,1,hp,0,21,47,0,
G3,193,2,c,0,32,48,0,
G3,193,3,e,0,18,47,0,
G3,193,4,c,0,19,,0,
G3,193,5,c,0,20,,0,
G3,193,6,hp,0,21,53,0,
G3,193,7,hp,0,13,,0,
G3,193,8,hp,0,27,,0,
G3,193,9,  ,  ,  ,  ,  ,missing envelope
G3,193,10,c,0,20,,0,
G3,193,11,e,0,11,22,0,
G3,193,12,e,0,26,,1,
G3,193,13,e,0,35,,1,
G3,193,14,e,0,25,,1,
G3,193,1,n,0,14,,0,
G3,193,2,n,0,18,36,0,
G3,193,3,n,0,29,,0,
G3,193,4,n,0,18,,0,
G3,193,5,n,0,8,16,0,
G7,1,1,c,0,29,,0,
G7,1,2,c,0,28,,0,
G7,1,3,hp,0,31,,0,
G7,1,4,hp,0,29,,0,
G7,1,5,hp,0,28,45,0,
G7,1,6,c,0,16,,0,
G7,1,7,hp,0,27,,0,
G7,1,8,c,0,8,23,0,
G7,1,9,hp,0,27,,0,
G7,1,10,c,0,0,,0,
G7,1,1,n,0,26,,0,
G7,1,2,n,0,16,,0,
G7,1,3,n,0,5,17,0,
G7,1,4,n,0,25,,0,
G7,1,5,n,0,12,,0,
G7,2,1,c,0,9,40,0,
G7,2,2,hp,0,33,,0,
G7,2,3,hp,0,21,,0,
G7,2,4,c,0,31,,0,
G7,2,5,hp,0,3,11,0,
G7,2,6,c,0,2,,0,
G7,2,7,c,0,1,,0,
G7,2,8,hp,0,13,33,0,
G7,2,9,hp,0,17,,0,
G7,2,10,c,0,0,,0,
G7,2,1,n,0,31,64,0,
G7,2,2,n,0,21,,0,
G7,2,3,n,0,8,21,0,
G7,2,4,n,0,21,,0,
G7,2,5,n,0,11,,0,
G7,3,1,c,0,10,,0,
G7,3,2,c,0,0,,0,
G7,3,3,hp,0,0,,0,
G7,3,4,hp,0,0,,0,
G7,3,5,hp,0,22,,0,
G7,3,6,c,0,7,22,0,
G7,3,7,c,0,34,,0,
G7,3,8,hp,0,34,,0,
G7,3,9,hp,0,36,,0,
G7,3,1,n,0,10,,0,
G7,3,2,n,0,29,52,0,
G7,3,3,n,0,26,,0,
G7,3,4,n,0,9,,0,
G7,4,1,c,0,9,,0,
G7,4,2,hp,0,18,33,0,
G7,4,3,hp,0,0,,0,
G7,4,4,c,0,5,,0,
G7,4,5,c,0,4,,1,
G7,4,6,hp,0,0,,1,
G7,4,1,n,0,0,,0,
G7,4,2,n,0,6,28,0,
G7,4,3,n,0,0,,0,
G7,5,1,c,0,28,,0,
G7,5,2,hp,0,25,,0,
G7,5,1,n,0,13,25,0,
G7,7,1,c,0,2,,0,
G7,7,2,c,0,0,,0,
G7,7,3,hp,0,0,,0,
G7,7,4,hp,0,0,,0,
G7,7,5,c,0,0,,0,
G7,7,6,hp,0,0,,1,
G7,7,7,c,0,0,,1,
G7,7,8,c,0,2,20,1,
G7,7,9,hp,0,0,,1,
G7,7,1,n,0,1,,0,
G7,7,2,n,0,14,,0,
G7,7,3,n,0,14,34,0,
G7,7,4,n,0,2,,0,
G7,7,5,n,0,0,,0,
G7,8,1,hp,0,0,,0,
G7,8,2,c,0,0,,0,
G7,8,3,c,0,0,22,0,
G7,8,4,hp,0,0,,0,
G7,8,1,n,0,12,,0,
G7,8,2,n,0,0,,0,
G7,9,1,c,0,23,,0,
G7,9,2,hp,0,4,32,0,
G7,9,3,hp,0,0,,0,
G7,9,4,c,0,0,,0,
G7,9,1,n,0,2,,0,
G7,9,2,n,0,14,30,0,
G7,10,1,c,0,17,,0,
G7,10,2,hp,0,10,,0,
G7,10,3,c,0,12,,0,
G7,10,4,hp,0,5,,0,
G7,10,5,hp,0,4,13,0,
G7,10,6,c,0,1,,0,
G7,10,1,n,0,0,,0,
G7,10,2,n,0,0,,0,
G7,10,3,n,0,0,,0,
G7,11,1,c,0,1,,0,
G7,11,2,c,0,0,,0,
G7,11,3,hp,0,0,,0,
G7,11,4,hp,0,0,,0,
G7,11,5,c,0,0,,0,
G7,11,6,c,0,17,34,1,
G7,11,1,n,0,12,,0,
G7,11,2,n,0,0,,0,
G7,11,3,n,0,0,,1,
G7,12,1,c,0,1,24,0,
G7,12,2,hp,0,0,,0,
G7,12,3,hp,0,0,,0,
G7,12,4,c,0,0,,0,
G7,14,1,hp,0,23,,0,
G7,14,2,c,0,17,56,0,
G7,14,3,c,0,23,,0,
G7,14,4,hp,0,0,,0,
G7,14,5,hp,0,21,,1,
G7,15,1,c,0,27,43,0,
G7,15,2,hp,0,23,,0,
G7,15,3,c,0,28,,0,
G7,15,4,hp,0,3,,0,
G7,15,5,c,0,5,10,0,
G7,15,6,c,0,9,,0,
G7,15,7,hp,0,16,,0,
G7,15,8,c,0,11,,0,
G7,15,9,hp,0,22,,0,
G7,15,1,n,0,24,42,0,
G7,15,2,n,0,13,,0,
G7,15,3,n,0,22,,0,
G7,15,4,n,0,11,,0,
G7,16,1,c,0,20,,0,
G7,16,2,hp,0,29,,0,
G7,16,3,hp,0,28,,0,
G7,16,4,c,0,30,,0,
G7,16,5,hp,0,29,,0,
G7,16,6,c,0,30,,0,
G7,16,7,c,0,30,,0,
G7,16,8,c,0,23,,0,
G7,16,9,hp,0,21,,0,
G7,16,10,hp,0,29,,0,
G7,16,1,n,0,0,,0,
G7,16,2,n,0,19,,0,
G7,16,3,n,0,31,,0,
G7,16,4,n,0,32,,0,
G7,16,5,n,0,6,,0,
G7,17,1,hp,0,36,,0,
G7,17,2,c,0,6,,0,
G7,17,3,hp,0,4,,0,
G7,17,4,c,0,6,29,0,
G7,17,5,hp,0,3,,0,
G7,17,6,c,0,0,,0,
G7,17,1,n,0,1,,0,
G7,17,2,n,0,2,,0,
G7,17,3,n,0,0,,0,
G7,18,1,c,0,33,,0,
G7,18,2,hp,0,27,52,0,
G7,18,3,c,0,23,,0,
G7,18,4,hp,0,30,,0,
G7,18,5,hp,0,36,,0,
G7,18,6,c,0,37,,0,
G7,18,7,c,0,33,60,0,
G7,18,8,c,0,27,,0,
G7,18,9,hp,0,28,,1,
G7,18,1,n,0,19,,0,
G7,18,2,n,0,26,,0,
G7,18,3,n,0,29,,0,
G7,18,4,n,0,30,,0,
G7,18,5,n,0,18,39,0,
G7,20,1,c,0,10,,0,
G7,20,2,hp,0,0,,0,
G7,20,3,c,0,0,,0,
G7,20,4,c,0,0,,0,
G7,20,5,hp,0,1,,0,
G7,20,6,hp,0,9,24,0,
G7,20,7,c,0,12,,1,
G7,20,8,hp,0,2,,1,
G7,20,1,n,0,2,,0,
G7,20,2,n,0,33,,0,
G7,20,3,n,0,13,24,0,
G7,20,4,n,0,4,,0,
G7,21,1,hp,0,1,,0,
G7,21,2,hp,0,2,,0,
G7,21,3,c,0,6,,0,
G7,21,4,c,0,0,,0,
G7,21,5,hp,0,3,13,1,
G7,21,6,c,0,3,,1,
G7,21,1,n,0,1,,0,
G7,21,2,n,0,5,,0,
G7,21,3,n,0,3,,0,
G7,22,1,hp,0,7,,0,
G7,22,2,c,0,24,52,0,
G7,22,3,hp,0,20,,0,
G7,22,4,c,0,3,,0,
G7,22,5,c,0,3,,0,
G7,22,6,hp,0,17,,1,
G7,22,7,hp,0,20,,1,
G7,22,8,c,0,4,,0,
G7,22,1,n,0,5,,0,
G7,22,2,n,0,0,,0,
G7,22,3,n,0,0,,0,
G7,22,4,n,0,13,40,1,
G7,23,1,c,0,7,,0,
G7,23,2,hp,0,0,,0,
G7,23,3,hp,0,0,,1,
G7,23,1,n,0,0,,0,
G7,25,1,c,0,11,22,0,
G7,25,2,hp,0,6,,0,
G7,25,3,c,0,5,,0,
G7,25,4,hp,0,0,,0,
G7,25,5,hp,0,0,,0,
G7,25,6,c,0,0,0,0,
G7,25,1,n,0,9,,0,
G7,25,2,n,0,19,,0,
G7,25,3,n,0,5,15,0,
G7,26,1,c,0,21,,0,
G7,26,2,hp,0,22,,0,
G7,26,3,hp,0,30,,0,
G7,26,4,c,0,20,,0,
G7,26,5,hp,0,15,41,1,
G7,26,6,c,0,12,,1,
G7,26,7,c,0,10,,1,
G7,26,8,hp,0,33,,1,
G7,26,9,c,0,11,45,1,
G7,26,10,hp,0,18,,1,
G7,26,1,n,0,23,,0,
G7,26,2,n,0,12,,0,
G7,26,3,n,0,25,,1,
G7,26,4,n,0,2,,1,
G7,26,5,n,0,3,,1,
G7,27,1,hp,0,6,29,0,
G7,27,2,c,0,0,,0,
G7,27,3,c,0,8,,0,
G7,27,4,hp,0,12,,0,
G7,27,5,c,0,22,,1,
G7,27,6,hp,0,15,,1,
G7,27,7,c,0,1,,1,
G7,27,8,hp,0,1,,1,
G7,27,9,c,0,5,,1,
G7,27,10,hp,0,7,29,1,
G7,28,1,c,0,21,,0,
G7,28,2,hp,0,14,,0,
G7,28,3,hp,0,11,,0,
G7,28,4,hp,0,1,,0,
G7,28,5,c,0,18,,0,
G7,28,6,c,0,16,46,0,
G7,28,7,hp,0,15,,0,
G7,28,8,c,0,6,,0,
G7,28,9,hp,0,0,,0,
G7,28,10,c,0,4,,0,
G7,30,1,c,0,25,,0,
G7,30,2,c,0,10,,0,
G7,30,3,hp,0,24,,0,
G7,30,4,hp,0,34,,0,
G7,30,5,c,0,5,,0,
G7,30,6,hp,0,40,,0,
G7,30,7,c,0,37,,0,
G7,30,8,hp,0,40,,0,
G7,30,9,c,0,28,,0,
G7,30,10,hp,0,35,48,0,
G7,30,1,n,0,36,,0,
G7,30,2,n,0,38,,0,
G7,30,3,n,0,25,,0,
G7,30,4,n,1,  ,,0,cut fruit
G7,30,5,n,0,33,,0,
G8,31,1,c,0,6,,0,
G8,31,2,hp,0,34,,0,
G8,31,3,hp,0,12,,0,
G8,31,4,c,0,0,,0,
G8,31,5,hp,0,19,,1,
G8,31,6,c,0,9,,1,
G8,31,7,hp,0,0,,1,
G8,31,8,c,0,0,,1,
G8,31,9,hp,0,19,,1,
G8,31,1,n,0,30,,0,
G8,31,2,n,0,0,,0,
G8,31,3,n,0,5,,0,
G8,31,4,n,0,0,,0,
G8,32,1,hp,0,26,,0,
G8,32,2,c,0,13,,0,
G8,32,3,hp,0,5,,1,
G8,32,4,c,0,14,,1,
G8,32,5,hp,0,2,,1,
G8,32,6,hp,0,6,,1,
G8,32,7,c,0,0,,0,
G8,32,8,c,0,25,,0,
G8,32,1,n,0,16,,0,
G8,32,2,n,0,0,,0,
G8,32,3,n,0,23,,0,
G8,32,4,n,0,0,,0,
G8,33,1,c,0,8,,0,
G8,33,2,hp,0,5,,0,
G8,33,3,hp,0,22,,0,
G8,33,4,c,0,7,,0,
G8,33,1,n,0,8,,0,
G8,33,2,n,0,32,,0,
G8,34,1,c,0,2,,1,
G8,34,2,c,0,0,,1,
G8,34,3,hp,0,3,,1,
G8,34,1,n,0,6,,0,
G8,34,2,n,0,7,,0,
G8,35,1,c,0,17,,0,
G8,35,2,hp,0,9,,0,
G8,35,3,c,0,7,,0,
G8,35,4,hp,0,12,,0,
G8,35,1,n,0,5,,0,
G8,35,2,n,0,35,,0,
G8,35,3,n,0,3,,0,extras
G8,35,4,n,0,40,,0,extras
G8,36,1,hp,0,0,,0,
G8,36,2,c,0,14,,0,
G8,36,3,c,0,3,,0,
G8,36,4,hp,0,27,,0,
G8,36,1,n,0,10,,0,
G8,36,2,n,0,14,,0,
G8,37,1,hp,0,0,,0,
G8,37,2,c,0,3,,0,
G8,37,1,n,0,10,,0,
G8,38,1,c,0,10,,0,
G8,38,2,hp,0,1,,0,
G8,38,3,c,0,0,,0,
G8,38,4,hp,0,0,,0,
G8,38,5,c,0,4,,1,
G8,38,6,hp,0,0,,1,
G8,38,7,c,0,0,,1,
G8,38,8,hp,0,0,,1,
G8,38,1,n,0,3,,0,
G8,38,2,n,0,0,,0,
G8,38,3,n,0,6,,0,
G8,38,4,n,0,1,,0,
G8,39,1,c,0,2,,0,
G8,39,2,hp,0,8,,0,
G8,39,3,c,0,1,,0,
G8,39,4,hp,0,4,,0,
G8,39,1,n,0,4,,0,
G8,39,2,n,0,6,,0,
G8,40,1,c,0,0,,0,
G8,40,2,hp,1,  ,,0,cut fruit
G8,40,1,n,0,0,,0,
G8,41,1,c,0,8,,0,
G8,41,2,hp,0,11,,0,
G8,41,3,c,0,0,,0,
G8,41,4,hp,0,3,,0,
G8,41,5,c,0,21,,0,
G8,41,6,hp,0,0,,0,
G8,42,1,c,0,6,,0,
G8,42,2,hp,0,8,,0,
G8,42,3,c,0,18,,0,
G8,42,4,hp,0,1,,0,
G8,42,5,c,0,0,,0,
G8,42,6,hp,0,0,,0,
G8,43,1,c,0,0,,0,
G8,43,2,hp,0,0,,0,
G8,43,3,c,0,0,,1,
G8,43,4,c,0,1,,1,
G8,43,5,hp,0,0,,1,
G8,44,1,hp,0,2,,0,
G8,44,2,c,0,14,,0,
G8,44,3,hp,0,2,,0,
G8,44,1,n,0,19,,0,
G8,44,2,n,0,7,,0,
G8,45,1,hp,0,0,,0,
G8,45,2,c,0,14,,0,
G8,45,3,c,0,33,,0,
G8,45,4,hp,0,17,,0,
G8,45,1,n,0,18,,0,
G8,45,2,n,0,2,,0,
G8,46,1,c,0,0,,0,
G8,46,2,hp,0,0,,0,
G8,46,3,c,0,26,,0,
G8,46,4,c,0,0,,0,
G8,46,5,hp,0,0,,0,
G8,46,1,n,0,0,,0,
G8,46,2,n,0,12,,0,
G8,46,3,n,0,42,,0,
G8,47,1,c,0,10,,0,
G8,47,2,hp,0,0,,0,
G8,47,3,hp,0,3,,0,
G8,47,4,c,0,0,,0,
G8,47,1,n,0,0,,0,
G8,47,2,n,0,0,,0,
G8,48,1,c,0,32,,0,
G8,48,2,hp,0,35,,0,
G8,48,3,hp,0,0,,1,
G8,48,4,c,0,0,,1,
G8,48,1,n,0,11,,0,
G8,48,2,n,0,9,,0,
G8,49,1,hp,0,33,,0,
G8,49,2,c,0,25,,0,
G8,49,3,hp,0,8,,1,
G8,49,4,c,0,18,,1,
G8,49,5,c,0,30,,1,
G8,49,6,hp,0,39,,1,
G8,49,7,c,0,8,,1,
G8,49,8,hp,0,27,,1,
G8,49,9,c,0,1,,1,
G8,49,1,n,0,9,,0,
G8,49,2,n,0,17,,0,
G8,49,3,n,0,11,,1,
G8,49,4,n,0,8,,1,
G8,49,5,n,0,10,,1,
G8,50,1,hp,0,27,,0,
G8,50,2,c,0,27,,0,
G8,50,3,c,0,10,,0,
G8,50,4,hp,0,28,,0,
G8,50,5,c,0,3,,1,
G8,50,6,hp,0,40,,1,
G8,50,7,c,0,1,,1,
G8,50,8,hp,0,36,,1,
G8,50,9,c,0,0,,1,
G8,50,10,hp,0,17,,1,
G8,50,1,n,0,15,,0,
G8,50,2,n,0,10,,0,
G8,50,3,n,0,10,,0,
G8,50,4,n,0,11,,1,
G8,50,5,n,0,21,,1,
G8,51,1,c,0,26,,0,
G8,51,2,c,0,33,,0,
G8,51,3,hp,0,38,,0,
G8,51,4,hp,0,0,,0,
G8,51,5,c,0,0,,0,
G8,51,6,hp,0,0,,0,
G8,51,7,c,0,19,,1,
G8,51,8,hp,0,0,,1,
G8,51,9,hp,0,15,,1,
G8,51,10,c,0,18,,1,
G8,51,1,n,0,0,,0,
G8,51,2,n,0,0,,0,
G8,51,3,n,0,0,,0,
G8,51,4,n,0,0,,0,
G8,51,5,n,0,0,,0,
G8,52,1,hp,0,40,,0,
G8,52,2,c,0,16,,0,
G8,52,3,hp,0,41,,0,
G8,52,4,c,0,12,,0,
G8,52,5,hp,0,2,,0,
G8,52,6,hp,0,3,,0,
G8,52,7,c,0,17,,0,
G8,52,8,hp,0,3,,0,
G8,52,9,c,0,3,,0,
G8,52,1,n,0,8,,0,
G8,52,2,n,0,8,,0,
G8,52,3,n,0,12,,0,
G8,52,4,n,0,2,,0,
G8,53,1,c,0,15,,0,
G8,53,2,c,0,2,,0,
G8,53,3,hp,0,30,,0,
G8,53,4,hp,0,24,,0,
G8,53,5,c,0,0,,0,
G8,53,6,hp,0,5,,0,
G8,53,7,c,0,2,,1,
G8,53,8,hp,0,11,,1,
G8,53,1,n,0,6,,0,
G8,53,2,n,0,6,,0,
G8,53,3,n,0,1,,0,
G8,53,4,n,0,5,,0,
G8,54,1,hp,0,0,,0,
G8,55,1,c,0,6,,0,
G8,55,2,hp,0,0,,0,
G8,55,3,hp,0,12,,0,
G8,55,4,c,0,2,,0,
G8,55,5,c,0,0,,0,
G8,55,6,hp,0,2,,0,
G8,55,7,c,0,2,,1,
G8,55,8,hp,0,9,,1,
G8,55,9,c,0,10,,1,
G8,55,10,hp,0,13,,1,
G8,55,1,n,0,9,,0,
G8,55,2,n,0,1,,0,
G8,55,3,n,0,0,,0,
G8,55,4,n,0,3,,1,
G8,55,5,n,0,1,,1,
G8,57,1,c,0,12,,0,
G8,57,2,hp,0,22,,0,
G8,57,3,c,0,9,,0,
G8,57,4,hp,0,3,,0,
G8,57,1,n,0,0,,0,
G8,57,2,n,0,1,,0,
G8,58,1,c,0,0,,0,undeveloped plant
G8,58,2,hp,0,0,,0,undeveloped plant
G8,58,3,c,0,0,,0,undeveloped plant
G8,58,1,n,0,0,,0,undeveloped plant
G8,58,2,n,0,0,,0,undeveloped plant
G8,58,3,n,0,0,,0,undeveloped plant
G8,60,1,c,0,4,,0,
G8,60,2,hp,0,0,,0,
G8,60,3,c,0,4,,1,
G8,60,1,n,0,4,,0,
G8,60,2,n,0,29,,1,
G9,65,1,hp,0,30,,0,
G9,65,2,hp,0,26,,0,
G9,65,3,hp,0,30,,0,
G9,65,4,hp,0,22,,0,
G9,65,5,c,0,21,,0,
G9,65,6,c,0,1,,0,
G9,65,7,c,0,7,,0,
G9,65,8,c,0,21,,0,
G9,65,9,hp,0,1,,0,
G9,65,10,c,0,0,,0,
G9,65,1,n,0,5,,0,
G9,65,2,n,0,21,,0,
G9,65,3,n,0,25,,0,
G9,65,4,n,0,10,,0,
G9,65,5,n,0,18,,0,
G9,66,1,c,0,0,,0,
G9,66,2,hp,0,9,,0,
G9,66,3,c,0,12,,0,
G9,66,4,hp,0,0,,0,
G9,66,5,hp,0,4,,0,
G9,66,6,c,0,0,,0,
G9,66,7,hp,0,0,,0,
G9,66,8,c,0,0,,0,
G9,66,9,hp,0,5,,1,
G9,66,10,c,0,20,,1,
G9,66,1,n,0,27,,0,
G9,66,2,n,0,26,,0,
G9,66,3,n,0,34,,0,
G9,66,4,n,0,16,,0,
G9,66,5,n,0,2,,1,
G9,67,1,hp,0,17,,0,
G9,67,2,c,0,31,,0,
G9,67,3,c,0,3,,0,
G9,67,4,hp,0,3,,0,
G9,67,1,n,0,11,,0,
G9,67,2,n,0,7,,0,
G9,68,1,c,0,2,,0,
G9,68,2,c,0,15,,0,
G9,68,3,hp,0,10,,0,
G9,68,4,hp,0,18,,0,
G9,68,5,hp,0,14,,0,
G9,68,6,hp,0,0,,0,
G9,68,7,c,0,1,,0,
G9,68,8,c,0,0,,0,
G9,68,1,n,0,4,,0,
G9,68,2,n,0,7,,0,
G9,68,3,n,0,1,,0,
G9,68,4,n,0,2,,0,
G9,69,1,c,0,0,,0,
G9,69,2,c,0,0,,0,
G9,69,3,hp,0,1,,0,
G9,69,4,hp,0,0,,0,
G9,69,5,hp,0,1,,0,
G9,69,6,c,0,1,,0,
G9,69,1,n,0,10,,0,
G9,69,2,n,0,11,,0,
G9,69,3,n,0,27,,0,
G9,70,1,c,0,3,,0,
G9,70,2,hp,0,13,,0,
G9,70,3,hp,0,16,,0,
G9,70,4,c,0,17,,0,
G9,70,5,hp,0,10,,0,
G9,70,6,c,0,18,,0,
G9,70,7,c,0,0,,1,
G9,70,8,hp,0,0,,1,
G9,70,9,hp,0,0,,1,
G9,70,10,c,0,1,,1,
G9,70,1,n,0,6,,0,
G9,70,2,n,0,11,,0,
G9,70,3,n,0,15,,0,
G9,70,4,n,0,24,,0,
G9,70,5,n,0,0,,0,
G9,71,1,hp,0,19,,0,
G9,71,2,c,0,19,,0,
G9,71,3,c,0,26,,0,
G9,71,4,c,0,8,,0,
G9,71,5,hp,0,5,,0,
G9,71,6,hp,0,5,,0,
G9,71,7,hp,0,5,,0,
G9,71,8,c,0,4,,0,
G9,71,9,hp,0,16,,0,
G9,71,1,n,0,6,,0,
G9,71,2,n,0,9,,0,
G9,71,3,n,0,13,,0,
G9,71,4,n,0,21,,0,
G9,72,1,hp,0,19,,0,
G9,72,2,c,0,6,,0,
G9,72,3,hp,0,  ,  ,  ,cut fruit
G9,72,4,c,0,0,,0,
G9,72,5,hp,0,3,,0,
G9,72,6,hp,0,15,,0,
G9,72,7,hp,0,17,,0,
G9,72,8,c,0,9,,0,
G9,72,9,c,0,20,,0,
G9,72,1,n,0,21,,0,
G9,72,2,n,0,13,,0,
G9,72,3,n,0,21,,0,
G9,72,4,n,0,6,,0,
G9,73,1,hp,0,13,,0,
G9,73,2,c,0,13,,0,
G9,73,3,hp,0,16,,0,
G9,73,4,c,0,19,,0,
G9,73,5,hp,0,19,,0,
G9,73,6,c,0,2,,1,
G9,73,7,hp,0,2,,1,
G9,73,1,n,0,12,,0,
G9,73,2,n,0,19,,0,
G9,73,3,n,0,9,,0,
G9,74,1,hp,0,1,,0,
G9,74,2,hp,0,13,,0,
G9,74,3,c,0,4,,0,
G9,74,4,c,0,14,,0,
G9,74,5,c,0,8,,0,
G9,74,6,hp,0,0,,0,
G9,74,7,c,0,5,,1,
G9,74,8,hp,0,3,,1,
G9,74,9,c,0,2,,1,
G9,74,10,hp,0,7,,1,
G9,74,1,n,0,9,,0,
G9,74,2,n,0,8,,0,
G9,74,3,n,0,8,,0,
G9,74,4,n,0,15,,0,
G9,74,5,n,0,8,,1,
G9,75,1,hp,0,11,,0,
G9,75,2,c,0,6,,0,
G9,75,3,hp,1,  ,,0,cut fruit
G9,75,4,c,0,24,,0,
G9,75,5,c,0,31,,0,
G9,75,6,hp,0,15,,0,
G9,75,7,hp,0,1,,0,
G9,75,8,c,0,0,,0,
G9,75,9,hp,0,6,,0,
G9,75,10,c,0,13,,0,
G9,75,1,n,0,11,,0,
G9,75,2,n,0,11,,0,
G9,75,3,n,0,24,,0,
G9,75,4,n,0,10,,0,
G9,75,5,n,0,10,,0,
G9,76,1,hp,0,3,,0,
G9,76,2,c,0,6,,0,
G9,76,3,c,0,4,,0,
G9,76,4,c,1,,,0,
G9,76,5,hp,0,14,,0,
G9,76,6,hp,0,20,,0,
G9,76,7,cc,0,0,,1,
G9,76,8,hp,0,2,,1,
G9,76,9,hp,0,5,,1,
G9,76,10,c,0,2,,1,
G9,76,1,n,0,18,,0,
G9,76,2,n,0,3,,0,
G9,76,3,n,0,10,,0,
G9,76,4,n,0,14,,0,
G9,76,5,n,0,13,,0,
G9,77,1,hp,0,32,,0,
G9,77,2,hp,0,40,,0,
G9,77,3,c,0,2,,0,
G9,77,4,c,0,16,,0,
G9,77,5,c,0,3,,0,
G9,77,6,hp,0,0,,0,
G9,77,7,hp,0,18,,1,
G9,77,8,c,0,0,,1,
G9,77,9,c,0,2,,1,
G9,77,10,hp,0,22,,1,
G9,77,1,n,0,30,,0,
G9,77,2,n,0,19,,0,
G9,77,3,n,0,29,,0,
G9,77,4,n,0,24,,0,
G9,77,5,n,0,15,,0,
G9,78,1,c,0,0,,0,
G9,78,2,c,0,1,,0,
G9,78,3,hp,0,34,,0,
G9,78,4,hp,0,40,,0,
G9,78,5,hp,0,43,,0,
G9,78,6,c,0,9,,1,
G9,78,7,hp,0,34,,0,
G9,78,8,c,0,3,,0,
G9,78,1,n,0,1,,0,
G9,78,2,n,0,9,,0,
G9,78,3,n,0,0,,0,
G9,78,4,n,0,6,,0,
G9,79,1,c,0,0,,0,
G9,79,2,hp,0,31,,0,
G9,79,3,c,0,9,,0,
G9,79,4,hp,0,32,,0,
G9,79,5,hp,0,31,,0,
G9,79,6,c,0,1,,0,
G9,79,7,hp,0,35,,0,
G9,79,8,c,0,2,,0,
G9,79,9,hp,0,12,,1,
G9,79,1,n,0,11,,0,
G9,79,2,n,0,4,,0,
G9,79,3,n,0,3,,0,
G9,79,4,n,0,10,,0,
G9,80,1,c,0,6,,0,
G9,80,2,hp,0,34,,0,
G9,80,3,c,0,0,,0,
G9,80,4,hp,0,42,,0,
G9,80,5,c,0,1,,0,
G9,80,6,hp,0,22,,0,
G9,80,1,n,0,3,,0,
G9,80,2,n,0,0,,0,
G9,80,3,n,0,0,,0,
G9,81,1,hp,0,30,,0,
G9,81,2,hp,1,  ,,0,
G9,81,3,hp,0,2,,0,
G9,81,4,c,0,1,,0,
G9,81,5,c,0,24,,1,
G9,81,6,hp,0,23,,1,
G9,81,7,c,0,1,,1,
G9,81,1,n,0,6,,0,
G9,81,2,n,0,0,,0,
G9,81,3,n,0,0,,0,
G6,83,1,c,0,0,,0,
G6,83,2,hp,0,27,,0,
G6,83,3,hp,0,34,,0,
G6,83,4,c,0,10,,0,
G6,83,5,hp,0,35,,0,
G6,83,6,c,0,34,,0,
G6,83,1,n,  ,  ,  ,  ,missing envelope
G6,83,2,n,0,5,,0,
G6,83,3,n,0,15,,0,
G6,84,1,c,0,0,,0,
G6,84,2,hp,0,31,,0,
G6,84,3,c,0,26,,0,
G6,84,4,hp,0,35,,0,
G6,84,5,c,0,0,,1,
G6,84,6,hp,0,33,,1,
G6,84,7,c,0,5,,1,
G6,84,8,hp,0,18,,1,
G6,84,9,c,0,2,,1,
G6,84,10,hp,0,34,,1,
G6,84,1,n,0,5,,0,
G6,84,2,n,0,4,,0,
G6,84,3,n,0,26,,1,
G6,84,4,n,0,14,,1,
G6,84,5,n,0,5,,1,
G6,85,1,c,0,0,,0,
G6,85,2,hp,0,25,,0,
G6,85,3,hp,0,9,,0,
G6,85,4,c,0,0,,0,
G6,85,5,hp,0,37,,0,
G6,85,6,hp,0,27,,0,
G6,85,7,hp,0,11,,0,
G6,85,8,c,0,0,,0,
G6,85,9,c,0,2,,0,
G6,85,1,n,0,9,,0,
G6,85,2,n,0,3,,0,
G6,85,3,n,0,6,,0,
G6,85,4,n,0,21,,0,
G6,86,1,c,0,16,,0,
G6,86,2,hp,0,31,,0,
G6,86,3,hp,0,4,,1,
G6,86,4,c,0,10,,1,
G6,86,5,c,0,22,,1,
G6,86,6,hp,0,28,,1,
G6,86,7,hp,0,16,,1,
G6,86,8,c,0,20,,1,
G6,86,9,c,0,25,,1,
G6,86,10,hp,0,18,,1,
G6,86,1,n,0,28,,0,
G6,86,2,n,0,6,,1,
G6,86,3,n,0,21,,1,
G6,86,4,n,0,9,,1,
G6,86,5,n,0,9,,1,
G6,87,1,c,0,0,,0,
G6,87,2,hp,0,36,,0,
G6,87,3,hp,0,4,,0,
G6,87,4,c,0,0,,0,
G6,87,5,hp,0,6,,1,
G6,87,6,c,0,26,,1,
G6,87,7,hp,0,39,,1,
G6,87,8,c,0,5,,1,
G6,87,9,c,0,25,,1,
G6,87,10,hp,0,0,,1,
G6,87,1,n,0,35,,0,
G6,87,2,n,0,7,,0,
G6,87,3,n,0,28,,0,
G6,87,4,n,0,8,,0,
G6,87,5,n,0,7,,0,
G6,88,1,hp,0,24,,0,
G6,88,2,hp,0,13,,0,
G6,88,3,c,0,24,,0,
G6,88,4,hp,0,9,,0,
G6,88,5,c,0,19,,0,
G6,88,6,c,0,8,,0,
G6,88,1,n,0,4,,0,
G6,88,2,n,0,2,,0,
G6,88,3,n,0,6,,0,
G6,89,1,c,0,8,,0,
G6,89,2,hp,0,22,,0,
G6,89,3,hp,0,0,,0,
G6,89,4,c,0,27,,0,
G6,89,5,hp,0,2,,0,
G6,89,6,hp,0,2,,0,
G6,89,7,c,0,23,,0,
G6,89,8,hp,0,16,,1,
G6,89,9,c,0,23,,0,
G6,89,1,n,0,11,,0,
G6,89,2,n,0,1,,0,
G6,89,3,n,0,16,,0,
G6,89,4,n,0,0,,0,
G6,90,1,hp,0,22,,0,
G6,90,2,hp,0,11,,0,
G6,90,3,c,0,32,,0,
G6,90,4,hp,0,3,,0,
G6,90,5,c,0,4,,0,
G6,90,1,n,0,17,,0,
G6,90,2,n,0,20,,0,
G6,91,1,hp,0,12,,0,
G6,91,2,hp,0,25,,0,
G6,91,3,c,0,2,,0,
G6,91,4,c,0,7,,0,
G6,91,5,hp,0,8,,0,
G6,91,6,hp,0,10,,1,
G6,91,7,c,0,15,,1,
G6,91,1,n,0,25,,0,
G6,91,2,n,0,4,,0,
G6,91,3,n,0,0,,0,
G6,92,1,c,0,7,,0,
G6,92,2,c,0,9,,0,
G6,92,3,hp,0,26,,0,
G6,92,4,hp,0,19,,0,
G6,92,5,c,0,21,,0,
G6,92,6,c,0,1,,1,
G6,92,7,hp,0,30,,1,
G6,92,8,hp,0,29,,1,
G6,92,9,c,0,29,,1,
G6,92,1,n,0,10,,0,
G6,92,2,n,0,27,,0,
G6,92,3,n,0,28,,0,
G6,92,4,n,0,5,,0,
G6,92,5,n,0,5,,0,
G6,93,1,c,0,14,,0,
G6,93,2,hp,0,22,,0,
G6,93,3,hp,0,31,,1,
G6,93,4,hp,0,34,,1,
G6,93,5,c,0,0,,1,
G6,93,6,hp,0,23,,1,
G6,93,7,c,0,19,,1,
G6,95,1,c,0,5,,0,
G6,95,2,hp,0,23,,0,
G6,95,3,c,0,30,,0,
G6,95,4,hp,0,35,,0,
G6,95,5,c,0,30,,1,
G6,95,6,hp,0,31,,1,
G6,95,7,hp,0,40,,1,
G6,95,8,c,0,20,,1,
G6,95,9,c,0,26,,1,
G6,95,10,hp,0,37,,1,
G6,95,1,n,0,42,,0,
G6,95,2,n,0,39,,0,
G6,95,3,n,0,19,,1,
G6,95,4,n,0,43,,1,
G6,95,5,n,0,2,,1,
G6,96,1,c,0,36,,0,
G6,96,2,hp,0,41,,0,
G6,96,3,hp,0,42,,0,
G6,96,4,c,0,41,,0,
G6,96,5,hp,0,42,,0,
G6,96,6,c,0,22,,0,
G6,96,7,hp,0,44,,1,
G6,96,8,c,0,35,,0,
G6,96,9,hp,0,27,,1,
G6,96,10,c,0,28,,1,
G6,96,1,n,0,30,,0,
G6,96,2,n,0,7,,0,
G6,96,3,n,0,28,,0,
G6,96,4,n,0,3,,1,
G6,96,5,n,0,39,,1,
G6,97,1,hp,0,28,,0,
G6,97,2,c,0,0,,0,
G6,97,3,hp,0,19,,0,
G6,97,4,c,0,33,,0,
G6,97,1,n,0,5,,0,
G6,97,2,n,0,33,,0,
G6,98,1,c,0,39,,0,
G6,98,2,c,0,14,,0,
G6,98,3,hp,0,6,,0,
G6,98,4,c,0,18,,0,
G6,98,5,hp,0,38,,0,
G6,98,6,hp,0,43,,0,
G6,98,7,hp,0,21,,1,
G6,98,8,c,0,24,,1,
G6,98,9,hp,0,19,,1,
G6,98,10,c,0,33,,1,
G6,98,1,n,0,25,,0,
G6,98,2,n,0,17,,0,
G6,98,3,n,0,14,,0,
G6,98,4,n,0,6,,0,
G6,98,5,n,0,10,,0,
G6,99,1,c,0,25,,0,
G6,99,2,hp,0,25,,0,
G6,99,3,hp,0,28,,0,
G6,99,4,c,0,19,,0,
G6,99,5,hp,0,30,,0,
G6,99,6,hp,0,32,,1,
G6,99,7,c,0,31,,1,
G6,99,1,n,0,11,,0,
G6,99,2,n,  ,  ,  ,  ,missing envelope
G6,99,3,n,0,24,,0,
G6,100,1,c,0,3,,0,
G6,100,2,hp,0,13,,0,
G6,100,3,c,0,21,,0,
G6,100,4,hp,0,23,,0,
G6,100,5,hp,0,19,,0,
G6,100,6,hp,0,0,,0,
G6,100,7,c,0,12,,0,
G6,100,8,c,0,0,,0,
G6,100,1,n,0,8,,0,
G6,100,2,n,0,14,,0,
G6,100,3,n,0,6,,0,
G6,100,4,n,0,4,,0,
G6,101,1,c,0,18,,0,
G6,101,2,hp,0,21,,0,
G6,101,3,hp,0,20,,0,
G6,101,4,hp,0,17,,0,
G6,101,5,c,0,14,,0,
G6,101,6,c,0,10,,0,
G6,101,7,c,0,4,,0,
G6,101,8,hp,0,19,,0,
G6,101,9,hp,0,6,,1,
G6,101,10,c,0,6,,1,
G6,101,1,n,0,26,,0,
G6,101,2,n,0,9,,0,
G6,101,3,n,0,23,,0,
G6,101,4,n,0,12,,0,
G6,101,5,n,0,6,,0,
G6,102,1,c,0,21,,0,
G6,102,2,hp,0,21,,0,
G6,102,3,c,0,3,,0,
G6,102,4,hp,0,24,,0,
G6,102,5,hp,0,23,,0,
G6,102,6,c,0,6,,0,
G6,102,7,hp,0,25,,0,
G6,102,8,hp,0,13,,0,
G6,102,9,c,0,6,,0,
G6,102,1,n,0,14,,0,
G6,102,2,n,0,25,,0,
G6,102,3,n,0,15,,0,
G6,102,4,n,0,21,,0,
G6,103,1,c,0,24,,0,
G6,103,2,hp,0,29,,0,
G6,103,3,c,0,22,,0,
G6,103,4,c,0,37,,0,
G6,103,5,hp,0,34,,0,
G6,103,6,hp,0,33,,0,
G6,103,7,hp,0,19,,0,
G6,103,8,c,0,12,,0,
G6,103,1,n,0,10,,0,
G6,103,2,n,0,11,,0,
G6,103,3,n,0,29,,0,
G6,103,4,n,0,17,,0,
G6,104,1,c,0,5,,0,
G6,104,2,c,0,1,,0,
G6,104,3,c,0,1,,0,
G6,104,4,hp,0,5,,0,
G6,104,5,c,0,5,,0,
G6,104,6,hp,0,18,,0,
G6,104,7,hp,0,12,,0,
G6,104,8,hp,0,19,,0,
G6,104,9,hp,0,0,,1,
G6,104,10,c,0,0,,1,
G6,104,1,n,0,1,,0,
G6,104,2,n,0,7,,0,
G6,104,3,n,0,17,,0,
G6,104,4,n,0,8,,0,
G6,104,5,n,0,22,,0,
G6,105,1,c,0,17,,0,
G6,105,2,hp,0,11,,0,
G6,105,3,hp,0,23,,0,
G6,105,4,hp,0,31,,0,
G6,105,5,c,0,7,,0,
G6,105,6,c,0,0,,0,
G6,105,1,n,0,13,,0,
G6,105,2,n,0,23,,0,
G6,105,3,n,0,7,,0,
G6,106,1,c,0,26,,0,
G6,106,2,c,0,23,,0,
G6,106,3,hp,0,15,,0,
G6,106,4,hp,0,19,,0,
G6,106,5,hp,0,27,,0,
G6,106,6,c,0,31,,0,
G6,106,7,hp,0,31,,0,
G6,106,8,hp,0,28,,0,
G6,106,9,c,0,14,,0,
G6,106,10,c,0,23,,0,
G6,107,1,c,0,9,,0,
G6,107,2,c,0,19,,0,
G6,107,3,c,0,23,,0,
G6,107,4,hp,0,23,,0,
G6,107,5,hp,0,25,,0,
G6,107,6,hp,0,31,,0,
G6,107,7,c,0,26,,0,
G6,107,8,hp,0,9,,0,
G6,107,9,c,0,0,,1,
G6,107,1,n,0,0,,0,
G6,107,2,n,0,3,,0,
G6,107,3,n,0,0,,0,
G6,107,4,n,0,11,,0,
G6,107,5,n,0,4,,0,
G6,108,1,c,0,21,,0,
G6,108,2,hp,0,23,,0,
G6,108,3,hp,0,21,,0,
G6,108,4,c,0,13,,0,
G6,108,5,hp,0,23,,1,
G6,108,6,c,0,18,,1,
G6,108,7,hp,0,14,,1,
G6,108,8,c,0,16,,1,
G6,108,1,n,0,11,,0,
G6,108,2,n,0,28,,0,
G6,108,3,n,0,39,,0,
G6,108,4,n,0,32,,0,
G6,109,1,c,0,30,,0,
G6,109,2,c,0,20,,0,
G6,109,3,hp,0,333,,0,
G6,109,4,hp,0,33,,0,
G6,109,5,hp,0,31,,0,
G6,109,6,c,0,36,,0,
G6,109,7,hp,0,33,,1,
G6,109,8,c,0,28,,1,
G6,109,1,n,0,12,,0,
G6,109,2,n,0,34,,0,
G6,109,3,n,0,17,,0,
G6,109,4,n,0,0,,0,
G6,110,1,hp,0,27,,0,
G6,110,2,c,0,40,,0,
G6,110,3,hp,0,0,,1,
G6,110,4,hp,0,0,,1,
G6,110,5,c,0,29,,1,
G6,110,6,c,0,4,,1,
G6,110,7,hp,0,1,,1,
G6,110,8,c,0,33,,1,
G6,110,9,hp,0,0,,1,
G6,110,1,n,0,29,,0,
G6,110,2,n,0,36,,0,
G6,110,3,n,0,19,,0,
G6,110,4,n,0,0,,0,
G6,111,1,hp,0,9,,0,
G6,111,2,c,0,19,,0,
G6,111,3,hp,0,27,,0,
G6,111,4,c,0,41,,0,
G6,111,5,c,0,15,,0,
G6,111,1,n,0,29,,0,
G6,111,2,n,0,3,,0,
G6,111,3,n,0,23,,0,
G6,112,1,c,0,2,,0,
G6,112,2,hp,0,17,,0,
G6,112,3,hp,0,0,,0,
G6,112,4,hp,0,26,,0,
G6,112,5,c,0,0,,0,
G6,112,6,hp,0,33,,0,
G6,112,7,c,0,0,,0,
G6,112,8,hp,0,34,,0,
G6,112,9,c,0,0,,0,
G6,112,1,n,0,31,,0,
G6,112,2,n,0,39,,0,
G6,112,3,n,0,0,,0,
G6,112,4,n,0,23,,0,
G1,113,1,hp,0,36,,0,
G1,113,2,hp,0,29,,0,
G1,113,3,c,0,22,,0,
G1,113,4,c,0,0,,0,
G1,113,1,n,0,10,,0,
G1,113,2,n,0,9,,0,
G1,115,1,c,0,8,,0,
G1,115,2,hp,0,4,,0,
G1,115,3,hp,0,2,,0,
G1,115,4,c,0,2,,0,
G1,115,5,c,0,0,,0,
G1,115,6,hp,0,0,,0,
G1,115,7,c,0,0,,1,
G1,115,8,hp,0,2,,1,
G1,115,1,n,0,15,,0,
G1,115,2,n,0,22,,0,
G1,115,3,n,0,13,,0,
G1,115,4,n,0,20,,0,
G1,116,1,c,0,4,,0,
G1,116,2,hp,0,4,,0,
G1,116,3,c,0,11,,0,
G1,116,4,hp,0,5,,0,
G1,116,5,c,0,5,,1,
G1,116,6,hp,0,8,,1,
G1,116,7,hp,0,8,,1,
G1,116,8,c,0,4,,1,
G1,116,9,hp,0,12,,1,
G1,116,10,c,0,7,,1,
G1,116,1,n,0,31,,0,
G1,116,2,n,0,33,,0,
G1,116,3,n,0,20,,0,
G1,116,4,n,0,17,,0,
G1,116,5,n,0,32,,0,
G1,117,1,hp,0,0,,0,
G1,117,2,c,0,22,,0,
G1,117,3,c,0,17,,0,
G1,117,4,hp,0,14,,1,
G1,117,5,hp,0,20,,1,
G1,117,6,c,0,0,,1,
G1,117,7,c,0,1,,1,
G1,117,1,n,0,4,,0,
G1,117,2,n,0,3,,0,
G1,117,3,n,0,8,,1,
G1,117,4,n,0,5,,1,
G1,118,1,c,0,20,,0,
G1,118,2,hp,0,29,,0,
G1,118,3,c,0,27,,0,
G1,118,4,hp,0,28,,0,
G1,118,5,hp,0,6,,0,
G1,118,6,hp,0,1,,1,
G1,118,7,c,0,0,,1,
G1,118,1,n,0,31,,0,
G1,118,2,n,0,6,,0,
G1,118,3,n,0,8,,1,
G1,119,1,c,0,11,,0,
G1,119,2,hp,0,19,,0,
G1,119,3,c,0,10,,0,
G1,119,4,c,0,9,,1,
G1,119,5,hp,0,9,,1,
G1,119,6,hp,0,0,,1,
G1,119,1,n,0,37,,0,
G1,119,2,n,0,18,,0,
G1,119,3,n,0,29,,1,
G1,120,1,c,0,36,,0,
G1,120,2,c,0,34,,0,
G1,120,3,hp,0,25,,0,
G1,120,4,hp,0,33,,0,
G1,120,5,hp,0,13,,0,
G1,120,6,hp,0,33,,0,
G1,120,7,c,0,0,,0,
G1,120,8,c,0,6,,0,
G1,120,9,hp,0,12,,1,
G1,120,1,n,0,37,,0,
G1,120,2,n,0,16,,0,
G1,120,3,n,0,4,,0,
G1,120,4,n,0,8,,0,
G1,121,1,c,0,16,,0,
G1,121,2,c,0,15,,0,
G1,121,3,c,0,3,,0,
G1,121,4,hp,0,1,,0,
G1,121,5,hp,0,11,,0,
G1,121,6,hp,0,7,,0,
G1,121,7,hp,0,14,,0,
G1,121,8,c,0,10,,0,
G1,121,1,n,0,34,,0,
G1,121,2,n,0,28,,0,
G1,121,3,n,0,38,,0,
G1,121,4,n,0,20,,0,
G1,122,1,c,0,4,,0,
G1,122,2,hp,1,  ,,0,cut fruit
G1,122,3,c,0,0,,1,
G1,122,4,hp,0,0,,1,
G1,122,5,hp,0,0,,1,
G1,122,6,c,0,0,,1,
G1,122,1,n,0,7,,0,
G1,122,2,n,0,18,,0,
G1,122,3,n,0,0,,0,
G1,123,1,c,0,18,,0,
G1,123,2,hp,0,19,,0,
G1,123,3,c,0,18,,0,
G1,123,4,c,0,0,,0,
G1,123,5,c,0,14,,0,
G1,123,6,hp,0,4,,0,
G1,123,7,hp,0,0,,0,
G1,123,1,n,0,4,,0,
G1,123,2,n,0,40,,0,
G1,123,3,n,0,27,,0,
G1,123,4,n,0,18,,0,
G1,124,1,c,0,17,,0,
G1,124,2,hp,0,14,,0,
G1,124,3,c,0,11,,0,
G1,124,4,hp,0,23,,0,
G1,124,5,hp,0,14,,1,
G1,124,6,hp,0,14,,1,
G1,124,7,c,0,19,,1,
G1,124,8,c,0,7,,1,
G1,124,1,n,0,28,,0,
G1,124,2,n,0,28,,0,
G1,124,3,n,0,2,,0,
G1,125,1,c,0,35,,0,
G1,125,2,c,0,21,,0,
G1,125,3,hp,0,4,,0,
G1,125,4,hp,0,0,,0,
G1,125,5,hp,0,0,,0,
G1,126,1,c,0,14,,0,
G1,126,2,hp,0,24,,0,
G1,126,3,hp,0,27,,0,
G1,126,4,c,0,30,,0,
G1,127,1,c,0,18,,0,
G1,127,2,hp,0,26,,0,
G1,127,3,c,0,21,,0,
G1,127,4,hp,0,31,,0,
G1,127,5,c,0,31,,0,
G1,127,6,c,0,32,,0,
G1,127,7,hp,0,21,,0,
G1,127,8,hp,0,10,,0,
G1,127,1,n,0,11,,0,
G1,127,2,n,0,12,,0,
G1,127,3,n,0,9,,0,
G1,127,4,n,0,10,,0,
G1,131,1,hp,0,2,,0,
G1,131,2,c,0,2,,0,
G1,131,3,c,0,3,,0,
G1,131,4,c,0,11,,0,
G1,131,5,c,0,3,,0,
G1,131,6,hp,0,0,,0,
G1,131,7,hp,0,4,,1,
G1,131,1,n,0,2,,0,
G1,131,2,n,0,3,,0,
G1,131,3,n,0,0,,0,
G1,131,4,n,0,1,,0,
G1,132,1,c,0,0,,0,
G1,132,2,hp,0,0,,0,
G1,132,3,hp,0,1,,1,
G1,132,4,c,0,0,,0,
G1,132,1,n,0,25,,0,
G1,132,2,n,0,37,,0,
G1,133,1,c,0,3,,0,
G1,133,2,hp,0,13,,0,
G1,133,3,c,0,0,,0,
G1,133,4,hp,0,9,,0,
G1,133,5,c,0,0,,0,
G1,133,6,hp,0,0,,0,
G1,133,7,c,0,0,,0,
G1,133,8,hp,0,0,,0,
G1,133,9,hp,0,11,,0,
G1,133,10,c,0,0,,0,
G1,134,1,hp,0,10,,0,
G1,134,2,c,0,14,,0,
G1,134,3,hp,0,10,,0,
G1,134,4,c,0,1,,0,
G1,134,5,hp,0,9,,0,
G1,134,6,c,0,0,,0,
G1,134,7,hp,0,0,,0,
G1,134,8,c,0,0,,0,
G1,134,1,n,0,0,,0,
G1,134,2,n,0,0,,0,
G1,134,3,n,0,5,,0,
G1,134,4,n,0,0,,0,
G1,135,1,c,0,22,,0,
G1,135,2,hp,0,25,,0,
G1,135,3,c,0,0,,0,
G1,135,4,hp,0,15,,0,
G1,135,5,c,0,13,,1,
G1,135,6,hp,0,1,,1,
G1,135,7,hp,0,27,,1,
G1,135,8,c,0,26,,1,
G1,135,9,hp,0,21,,1,
G1,135,10,c,0,4,,1,
G1,135,1,n,0,1,,0,
G1,135,2,n,0,7,,0,
G1,135,3,n,0,7,,0,
G1,135,4,n,0,3,,0,
G1,135,5,n,0,2,,0,
G1,136,1,hp,0,20,,0,
G1,136,2,c,0,1,,0,
G1,136,3,hp,0,12,,0,
G1,136,4,c,0,34,,0,
G1,136,5,hp,0,9,,0,
G1,136,6,hp,0,8,,0,
G1,136,7,c,0,28,,0,
G1,136,8,c,0,2,,1,
G1,136,9,hp,0,25,,1,
G1,136,1,n,0,16,,0,
G1,136,2,n,0,19,,0,
G1,136,3,n,0,3,,0,
G1,136,4,n,0,7,,0,
G1,137,1,hp,0,1,,1,
G1,137,2,c,0,8,,1,
G1,137,3,hp,0,7,,1,
G1,137,4,c,0,17,,1,
G1,137,1,n,0,23,,0,
G1,137,2,n,0,7,,0,
G1,138,1,hp,0,0,,0,tiny seeds
G1,138,2,hp,0,0,,0,tiny seeds
G1,138,3,hp,0,0,,0,tiny seeds
G1,138,4,c,0,0,,1,tiny seeds
G1,138,1,n,0,14,,0,
G1,139,1,c,0,0,,0,
G1,139,2,hp,0,0,,0,
G1,139,3,hp,0,38,,0,
G1,139,4,c,0,14,,0,
G1,139,5,c,0,32,,0,
G1,139,6,c,0,13,,1,
G1,139,7,hp,0,33,,1,
G1,139,8,hp,0,36,,1,
G1,139,9,c,0,15,,1,
G1,139,1,n,0,25,,0,
G1,139,2,n,0,21,,0,
G1,139,3,n,0,0,,0,
G1,139,4,n,0,35,,0,
G1,139,5,n,0,31,,0,
G1,140,1,hp,0,31,,0,
G1,140,2,c,0,33,,0,
G1,140,3,hp,0,34,,0,
G1,140,4,c,0,0,,0,
G1,140,5,c,0,31,,0,
G1,140,1,n,0,22,,0,
G1,140,2,n,0,31,,0,
G1,140,3,n,0,0,,0,
G1,141,1,c,0,33,,0,
G1,141,2,hp,0,46,,0,
G1,141,3,hp,0,27,,0,
G1,141,4,c,0,27,,0,
G1,141,5,hp,0,38,,0,
G1,141,6,c,0,0,,0,
G1,141,7,hp,0,19,,1,
G1,141,8,c,0,29,,0,
G1,141,9,hp,0,20,,0,
G1,141,10,c,0,23,,0,
G1,141,1,n,0,14,,0,
G1,141,2,n,0,18,,0,
G1,141,3,n,0,18,,0,
G1,141,4,n,0,18,,0,
G1,141,5,n,0,14,,0,
G1,142,1,c,0,29,,0,
G1,142,2,c,0,17,,0,
G1,142,3,hp,0,28,,0,
G1,142,4,hp,0,18,,0,
G1,142,5,hp,0,15,,0,
G1,142,6,c,0,0,,0,
G1,142,7,hp,0,0,,0,
G1,142,8,c,0,0,,0,
G1,142,9,c,0,0,,0,
G1,142,10,hp,0,4,,1,
G1,142,1,n,0,21,,0,
G1,142,2,n,0,28,,0,
G1,142,3,n,0,29,,0,
G1,142,4,n,0,25,,0,
G1,142,5,n,0,3,,0,
I10,1,1,hp,0,4,16,0,
I10,1,2,c,0,1,7,0,
I10,1,3,hp,1,,29,0,
I10,1,4,hp,1,,33,0,
I10,1,5,e,0,1,,0,
I10,1,6,c,1,,32,0,
I10,1,1,n,0,9,23,0,
I10,1,2,n,1,,23,0,
I10,10,1,c,0,3,17,0,
I10,10,2,c,1,6,19,0,
I10,10,3,hp,0,20,30,0,
I10,10,4,c,0,0,4,0,
I10,10,5,hp,0,3,8,0,
I10,10,6,hp,0,0,0,0,
I10,10,7,hp,1,13,33,0,
I10,10,8,c,0,0,2,0,
I10,10,1,n,0,1,12,0,
I10,10,2,n,1,12,23,0,
I10,10,3,n,1,17,32,0,
I10,10,4,n,0,2,13,0,
I10,20,1,hp,1,,22,0,
I10,20,2,hp,1,,29,0,
I10,20,3,c,1,4,32,0,
I10,20,4,e,0,22,35,0,
I10,20,5,c,0,21,33,0,
I10,20,6,c,1,,35,0,
I10,20,7,hp,1,,36,0,
I10,20,8,c,1,,34,0,
I10,20,9,e,1,8,44,0,
I10,20,10,e,1,3,25,0,
I10,20,11,e,0,8,36,1,
I10,20,12,e,1,3,22,1,
I10,20,1,n,1,13,35,0,
I10,20,2,n,1,,38,0,
I10,20,3,n,1,13,31,0,
I10,20,4,n,0,25,41,0,
I10,40,1,c,0,0,5,0,
I10,40,2,c,0,0,7,0,
I10,40,3,hp,0,0,9,0,
I10,40,4,hp,1,,29,0,
I10,40,5,e,1,11,24,0,
I10,40,6,e,1,3,23,0,
I10,40,7,c,1,,26,0,
I10,40,8,e,0,0,10,0,
I10,40,9,e,0,0,9,0,
I10,40,10,e,0,0,9,0,
I10,40,1,n,1,,27,0,
I10,40,2,n,0,14,32,0,
I10,40,3,n,0,13,39,0,
I10,50,1,,,,,,missing envelope
I10,50,2,hp,1,,42,0,
I10,50,3,hp,1,,36,0,
I10,50,4,c,0,7,18,0,
I10,50,5,hp,0,20,37,0,
I10,50,6,c,1,,35,0,
I10,50,7,c,0,15,26,0,
I10,50,8,c,0,0,6,0,
I10,50,9,hp,0,16,35,0,
I10,50,1,n,1,,35,0,
I10,50,2,n,1,,38,0,
I10,50,3,n,1,,27,0,
I10,50,4,n,1,,24,0,
I10,60,1,c,0,0,6,0,
I10,60,2,hp,0,0,0,0,
I10,60,3,,,,,,missing envelope
I10,60,4,hp,0,0,4,0,
I10,60,5,hp,0,3,10,0,
I10,60,6,c,0,0,0,0,
I10,60,7,e,0,4,12,0,
I10,60,1,n,0,0,,0,
I10,60,2,n,0,0,9,0,
I10,60,3,n,0,0,7,0,
I10,70,1,c,0,9,17,0,
I10,70,2,hp,1,6,25,0,
I10,70,3,hp,1,1,25,0,
I10,70,4,hp,1,,25,0,
I10,70,5,c,1,,22,0,
I10,70,6,e,1,,29,0,
I10,70,7,hp,1,7,31,0,
I10,70,8,c,0,4,19,0,
I10,70,9,e,1,,25,0,
I10,70,10,e,1,,20,0,
I10,70,11,hp,0,16,29,1,
I10,70,12,c,0,2,,1,
I10,70,1,n,1,6,25,0,
I10,70,2,n,1,1,28,0,
I10,70,3,n,1,3,29,0,
I10,70,4,n,1,4,26,0,
I10,80,1,c,0,0,25,0,
I10,80,2,c,1,,31,0,
I10,80,3,hp,1,1,25,0,
I10,80,4,hp,1,,16,0,
I10,80,5,c,1,1,11,0,
I10,80,6,e,1,8,27,0,
I10,80,7,hp,1,,29,0,
I10,80,8,c,1,,29,0,
I10,80,9,e,1,1,32,0,
I10,80,10,e,1,1,31,0,
I10,80,11,e,1,9,31,0,
I10,80,12,e,1,8,35,0,
I10,80,13,c,0,0,5,0,
I10,80,1,n,1,,40,0,
I10,80,2,n,1,,32,0,
I10,80,3,n,0,8,21,0,
I10,80,4,n,1,,37,0,
I10,80,5,n,0,18,31,0,
I10,120,1,e,1,5,28,0,
I10,120,2,e,1,5,40,0,
I10,120,3,c,1,6,43,0,
I10,120,4,hp,1,,36,0,
I10,120,5,e,1,,28,0,
I10,120,6,c,1,8,43,0,
I10,120,7,e,1,,42,0,
I10,120,8,e,1,10,35,0,
I10,120,1,n,0,5,36,0,
I10,120,2,n,0,6,45,0,
I10,140,1,c,0,0,0,0,
I10,140,2,hp,0,0,0,0,
I10,140,3,c,0,0,0,0,
I10,140,4,hp,0,0,0,0,
I10,140,5,c,0,0,0,0,
I10,140,6,hp,0,0,0,0,
I10,140,7,e,1,,38,0,
I10,140,1,n,0,0,4,0,
I10,140,2,n,0,0,0,0,
I10,140,3,n,0,1,15,0,
I10,200,1,hp,0,3,11,0,
I10,200,2,hp,0,2,15,0,
I10,200,3,e,0,2,12,0,
I10,240,1,hp,0,0,5,0,
I10,240,2,hp,0,0,5,0,
I10,240,3,hp,0,0,6,0,
I10,240,4,c,1,,10,0,
I10,240,5,c,0,0,10,0,
I10,240,6,hp,0,0,0,0,
I10,240,7,c,0,0,1,0,
I10,240,8,c,0,0,0,0,
I10,240,9,hp,0,0,0,0,
I10,240,10,c,1,,41,0,
I10,240,11,e,1,,38,0,
I10,240,12,e,1,17,38,0,
I10,240,13,e,1,3,42,0,
I10,240,14,e,0,28,40,0,
I10,240,15,e,1,4,46,0,
I10,240,1,n,0,9,18,0,
I10,240,2,n,0,1,11,0,
I10,240,3,n,0,0,16,0,
I10,240,4,n,1,,36,0,
I10,240,5,n,1,,39,0,
I10,270,1,c,0,4,14,0,
I10,270,2,hp,1,,36,0,
I10,270,3,hp,1,17,37,0,
I10,270,4,hp,1,10,35,0,
I10,270,5,hp,1,8,38,0,
I10,270,6,c,1,2,31,0,
I10,270,7,c,0,0,9,0,
I10,270,8,c,1,5,30,0,
I10,270,9,hp,1,2,19,0,
I10,270,10,c,1,2,32,0,
I10,270,11,e,0,18,27,0,
I10,270,12,e,0,35,36,0,
I10,270,13,e,1,21,41,0,
I10,270,14,e,1,26,37,0,
I10,270,15,e,1,18,34,0,
I10,270,1,n,1,21,39,0,
I10,270,2,n,0,3,18,0,
I10,270,3,n,1,3,35,0,
I10,270,4,n,1,12,39,0,
I10,270,5,n,0,26,29,0,
I10,330,1,hp,0,1,,0,
I10,330,2,hp,0,0,0,0,
I10,330,3,c,0,0,2,0,
I10,330,4,c,0,0,4,0,
I10,330,5,c,0,0,,0,
I10,330,6,hp,0,0,0,0,
I10,330,7,hp,1,,,0,cut fruit
I10,330,8,c,1,6,35,0,
I10,330,9,e,1,,37,0,
I10,330,10,e,1,,24,0,
I10,330,1,n,0,0,0,0,
I10,330,2,n,0,0,0,0,
I10,330,3,n,0,15,35,0,
I10,330,4,n,0,8,22,0,
I10,340,1,hp,0,0,10,0,
I10,340,2,hp,1,11,18,0,
I10,340,3,hp,1,,22,0,
I10,340,4,hp,1,10,23,0,
I10,340,5,c,1,11,26,0,
I10,340,6,c,0,0,6,0,
I10,340,7,c,0,10,8,0,
I10,340,1,n,1,,19,0,
I10,340,2,n,0,13,24,0,
I10,340,3,n,0,14,26,0,
I10,360,1,c,0,0,5,0,
I10,360,2,hp,0,0,7,0,
I10,360,3,hp,0,0,7,0,
I10,360,4,hp,0,0,7,0,
I10,360,5,c,1,4,23,0,
I10,360,6,e,1,3,21,0,
I10,360,7,e,1,5,19,0,
I10,360,8,c,0,0,0,0,
I10,360,1,n,0,3,13,0,
I10,360,2,n,0,4,14,0,
I10,360,3,n,0,11,22,0,
I10,372,1,hp,1,,35,0,
I10,372,2,e,0,23,40,0,
I10,372,3,hp,0,0,0,0,
I10,372,4,hp,1,4,36,0,
I10,372,5,hp,0,2,11,0,
I10,372,6,c,0,0,8,0,
I10,372,7,c,0,0,0,0,
I10,372,8,hp,1,3,29,0,
I10,372,9,c,0,1,20,0,
I10,372,10,c,0,0,8,0,
I10,372,1,n,0,9,21,0,
I10,372,2,n,0,18,32,0,
I10,372,3,n,0,18,34,0,
I10,373,1,hp,1,,21,0,
I10,373,2,hp,1,2,21,0,
I10,373,3,hp,0,7,24,0,
I10,373,4,hp,0,0,0,0,
I10,373,5,c,0,0,0,0,
I10,373,6,c,0,0,0,0,
I10,373,7,c,0,0,0,0,
I10,373,1,n,0,5,12,0,
I10,373,2,n,0,1,4,0,
I10,373,3,n,1,,10,0,
I10,374,1,c,0,14,19,0,
I10,374,2,c,0,14,23,0,
I10,374,3,hp,1,20,31,0,
I10,374,4,hp,1,7,29,0,
I10,374,5,hp,0,25,30,0,
I10,374,6,hp,1,13,25,0,
I10,374,7,c,1,3,33,0,
I10,374,8,e,0,4,14,0,
I10,374,1,n,0,21,29,0,
I10,374,2,n,0,28,30,0,
I10,374,3,n,0,21,24,0,
I10,376,1,n,1,9,15,0,
I10,376,2,n,1,,23,0,
I10,376,3,n,0,,32,0,
I10,376,4,n,1,16,43,0,
I10,377,1,c,0,20,35,0,
I10,377,2,hp,0,0,4,0,
I10,377,3,hp,1,5,37,0,
I10,377,4,hp,0,20,36,0,
I10,377,5,c,0,0,0,0,
I10,377,6,c,0,10,27,0,
I10,377,7,hp,0,23,41,0,
I10,377,8,c,1,21,40,0,
I10,377,9,e,1,1,31,0,
I10,377,1,n,0,23,39,0,
I10,377,2,n,0,29,44,0,
I10,377,3,n,0,17,34,0,
I10,377,4,n,0,14,33,0,
I10,379,1,e,1,3,21,0,
I10,379,2,c,1,,,,cut fruit
I10,379,3,e,0,6,19,0,
I10,379,4,c,0,0,5,0,
I10,379,5,c,1,13,44,0,
I10,379,6,hp,0,21,45,0,
I10,379,7,hp,1,4,37,0,
I10,379,8,hp,1,1,34,0,
I10,379,9,hp,1,2,19,0,
I10,379,10,c,0,0,5,0,
I10,379,11,hp,0,0,7,0,
I10,379,12,e,0,15,44,0,
I4,1,1,c,0,9,20,0,
I4,1,2,,,,,0,missing envelope
I4,1,3,c,0,0,5,0,
I4,1,4,hp,1,23,45,0,
I4,1,5,,1,8,35,0,both trheads
I4,1,1,n,0,26,40,0,
I4,1,2,n,1,17,52,0,
I4,1,3,n,1,16,40,0,
I4,2,1,hp,1,22,49,0,
I4,2,2,c,1,22,50,0,
I4,2,3,hp,1,5,50,0,
I4,2,4,c,1,21,48,0,
I4,2,5,hp,0,0,3,1,
I4,2,6,c,0,0,1,1,
I4,2,1,n,1,15,39,0,
I4,2,2,n,0,3,9,0,
I4,2,3,n,1,3,18,0,
I4,3,1,c,0,0,0,0,
I4,3,2,hp,0,0,0,0,
I4,3,3,c,0,0,0,0,
I4,3,4,hp,0,0,0,0,
I4,3,1,n,1,9,46,0,
I4,3,2,n,0,9,29,0,
I4,4,1,c,0,0,0,0,
I4,4,2,hp,1,10,34,0,
I4,4,3,c,0,0,11,0,
I4,4,1,n,0,0,6,0,
I4,4,2,n,0,0,0,0,
I4,5,1,c,1,15,41,0,
I4,5,2,hp,1,,31,0,
I4,5,3,hp,0,6,20,0,
I4,5,4,hp,1,20,50,0,
I4,5,5,hp,1,,49,0,
I4,5,6,c,1,5,26,0,
I4,5,7,c,1,21,43,0,
I4,5,8,hp,1,19,41,0,
I4,5,9,c,1,30,49,0,
I4,5,10,hp,1,12,29,1,
I4,5,11,c,1,2,14,1,
I4,5,1,n,1,24,56,0,
I4,5,2,n,1,23,58,0,
I4,5,3,n,1,13,63,0,
I4,5,4,n,1,3,64,0,
I4,5,5,n,1,3,39,0,
I4,7,1,,1,37,49,0,both trheads
I4,7,2,hp,1,28,51,0,
I4,7,3,,,,,,missing envelope
I4,7,4,c,0,10,28,0,
I4,7,5,c,0,0,6,0,
I4,7,1,n,1,11,52,0,
I4,7,2,n,1,11,41,0,
I4,7,3,n,1,22,43,0,
I4,8,1,c,1,9,40,0,
I4,8,2,hp,1,18,39,0,
I4,8,3,c,1,13,36,0,
I4,8,4,hp,0,19,30,0,
I4,8,5,c,0,0,5,0,
I4,8,6,hp,0,0,5,0,
I4,8,1,n,1,7,35,0,
I4,8,2,n,0,28,40,0,
I4,8,3,n,0,18,34,0,
I4,9,1,c,1,6,39,0,
I4,9,2,hp,1,16,39,0,
I4,9,3,hp,1,19,37,0,
I4,9,1,n,1,13,38,0,
I4,9,2,n,0,10,19,0,
I4,10,1,c,0,32,42,0,
I4,10,2,c,0,30,43,0,
I4,10,3,hp,0,20,44,0,
I4,10,4,hp,0,28,43,0,
I4,10,5,c,0,18,44,0,
I4,10,6,hp,0,31,49,0,
I4,10,7,hp,0,14,43,0,
I4,10,8,c,0,3,11,0,
I4,10,9,hp,0,0,10,0,
I4,10,10,c,0,0,0,0,
I4,10,1,n,0,28,44,0,
I4,10,2,n,1,13,42,0,
I4,10,3,n,0,22,36,0,
I4,10,4,n,0,17,34,0,
I4,10,5,n,0,0,0,0,
I4,11,1,c,1,,55,0,
I4,11,2,c,1,3,53,0,
I4,11,3,hp,1,22,46,0,
I4,11,4,c,0,0,3,0,
I4,11,5,hp,1,14,57,0,
I4,11,6,c,0,0,5,1,
I4,11,7,hp,0,0,7,1,
I4,11,1,n,0,36,56,0,
I4,11,2,n,0,0,26,0,
I4,11,3,n,0,11,43,0,
I4,11,4,n,0,0,4,1,
I4,12,1,c,1,37,50,0,
I4,12,2,c,1,28,56,0,
I4,12,3,hp,0,12,16,0,
I4,12,4,hp,0,0,0,0,
I4,12,5,c,1,18,53,0,
I4,12,6,hp,1,4,53,0,
I4,12,7,c,0,11,35,0,
I4,12,8,hp,0,0,8,0,
I4,12,9,hp,0,0,6,0,
I4,12,10,c,0,0,0,0,
I4,12,1,n,0,37,50,0,
I4,12,2,n,0,36,50,0,
I4,12,3,n,0,22,38,0,
I4,12,4,n,0,25,43,0,
I4,12,5,n,0,0,11,0,
I4,13,1,c,0,46,56,0,
I4,13,2,c,1,25,50,0,
I4,13,3,hp,0,45,59,0,
I4,13,4,hp,0,42,61,0,
I4,13,5,c,0,3,26,0,
I4,13,6,hp,0,0,11,0,
I4,13,1,n,0,45,57,0,
I4,13,2,n,0,12,38,0,
I4,13,3,n,0,0,2,0,
I4,14,1,c,1,5,37,0,
I4,14,2,c,1,20,72,0,
I4,14,3,c,1,14,56,0,
I4,14,4,hp,1,9,70,0,
I4,14,5,hp,1,1,69,0,
I4,14,6,hp,0,0,7,0,
I4,14,7,c,0,0,11,0,
I4,14,8,hp,1,1,53,0,
I4,14,9,c,0,0,9,0,
I4,14,10,hp,0,0,4,0,
I4,14,1,n,1,40,64,0,
I4,14,2,n,1,20,57,0,
I4,14,3,n,1,25,62,0,
I4,14,4,n,1,31,55,0,
I4,14,5,n,0,3,22,0,
I4,15,1,c,0,5,40,0,
I4,15,2,hp,1,7,43,0,
I4,15,3,hp,0,0,22,0,
I4,15,4,c,0,0,0,0,
I4,15,1,n,1,5,25,0,
I4,15,2,n,0,17,43,0,
I4,17,1,hp,0,21,45,0,
I4,17,2,hp,0,24,42,0,
I4,17,3,hp,0,15,44,0,
I4,17,4,c,0,17,40,0,
I4,17,5,c,0,4,51,0,
I4,17,6,c,0,8,28,0,
I4,17,7,hp,0,19,35,0,
I4,17,8,c,0,0,5,0,
I4,17,1,n,0,14,52,0,
I4,17,2,n,0,23,41,0,
I4,17,3,n,0,2,36,0,
I4,17,4,n,0,1,28,0,
I4,18,1,c,0,0,,0,
I4,18,2,c,0,0,0,0,
I4,18,3,hp,0,6,22,0,
I4,18,4,hp,0,0,0,0,
I4,18,5,hp,0,17,63,0,
I4,18,6,c,0,1,5,0,
I4,18,7,hp,0,8,50,0,
I4,18,8,c,0,0,0,0,
I4,19,1,c,0,25,51,0,
I4,19,2,c,0,2,16,0,
I4,19,3,c,0,11,55,0,
I4,19,4,c,0,29,58,0,
I4,19,5,hp,1,16,56,0,
I4,19,6,hp,1,17,55,0,
I4,19,7,hp,1,18,52,0,
I4,19,8,hp,1,12,59,0,
I4,19,9,c,1,4,55,0,
I4,19,10,hp,0,0,5,0,
I4,19,1,n,1,,62,0,
I4,19,2,n,1,,43,0,
I4,19,3,n,1,,25,0,
I4,19,4,n,1,,61,0,
I4,19,5,n,0,14,46,0,
I4,20,1,c,0,,,0,cut fruit
I4,20,2,hp,0,33,45,0,
I4,20,3,hp,0,36,40,0,
I4,20,4,c,0,0,0,0,
I4,20,5,c,0,0,0,0,
I4,20,1,n,1,,50,0,
I4,20,2,n,1,,37,0,
I4,20,3,n,1,,11,0,
I4,21,1,c,0,4,13,0,
I4,21,2,c,0,4,7,0,
I4,21,3,hp,0,3,20,0,
I4,21,4,c,0,3,6,0,
I4,21,1,n,1,31,71,0,
I4,21,2,n,1,26,55,0,
I4,21,3,n,0,2,8,0,
I4,22,1,hp,1,,,0,cut fruit
I4,22,2,c,0,0,0,0,
I4,22,3,c,1,,30,0,
I4,22,4,c,0,6,22,0,
I4,22,5,hp,1,,,0,cut fruit
I4,22,6,hp,1,3,22,0,
I4,22,1,n,1,24,46,0,
I4,22,2,n,0,35,54,0,
I4,22,3,n,0,10,27,0,
I4,24,1,c,1,21,57,1,
I4,24,2,hp,1,13,45,0,
I4,24,3,hp,1,31,61,1,
I4,24,4,c,0,5,23,1,
I4,24,5,hp,1,11,63,1,
I4,24,6,hp,1,24,64,1,
I4,24,7,c,1,25,57,1,
I4,24,8,c,1,5,51,1,
I4,24,9,hp,1,10,62,1,
I4,24,10,c,1,,27,1,
I4,24,1,n,0,19,31,0,
I4,24,2,n,0,10,29,0,
I4,24,3,n,0,22,43,0,
I4,24,4,n,0,15,37,0,
I4,24,5,n,0,10,32,0,
I4,25,1,c,1,5,35,0,
I4,25,2,hp,0,0,,0,
I4,25,3,c,0,0,,0,
I4,25,4,hp,0,0,,0,
I4,25,5,c,1,6,37,1,
I4,25,6,c,0,0,0,1,
I4,25,7,hp,0,0,0,1,
I4,25,8,hp,1,29,51,1,
I4,25,1,n,1,,26,0,
I4,25,2,n,1,12,45,0,
I4,25,3,n,1,4,46,0,
I4,25,4,n,1,,23,0,
I4,28,1,hp,1,,20,1,
I4,28,2,c,1,8,29,1,
I4,28,3,c,1,4,38,1,
I4,28,4,hp,1,2,16,1,
I4,28,1,n,1,,47,0,
I4,28,2,n,1,,49,0,
I4,29,1,hp,1,5,51,0,
I4,29,2,c,0,1,11,0,
I4,29,3,hp,1,,43,0,
I4,29,4,c,1,,30,0,
I4,29,5,c,1,12,32,0,
I4,29,6,c,1,14,52,0,
I4,29,1,n,1,,40,0,
I4,29,2,n,1,10,57,0,
I4,29,3,n,1,,32,0,
I4,29,4,n,1,2,18,0,
I4,30,1,hp,0,0,0,0,
I4,30,2,c,0,0,0,0,
I4,30,3,c,0,0,0,0,
I15,31,1,c,0,14,43,0,
I15,31,2,c,0,0,1,0,
I15,31,3,c,0,1,19,0,
I15,31,4,hp,1,,20,0,
I15,31,5,hp,1,,49,0,
I15,31,6,hp,0,24,52,0,
I15,31,7,hp,1,,55,0,
I15,31,8,c,1,12,53,0,
I15,31,9,hp,0,3,24,0,
I15,31,10,c,0,0,30,0,
I15,31,1,n,1,,30,0,
I15,31,2,n,1,18,48,0,
I15,31,3,n,1,15,54,0,
I15,31,4,n,0,0,0,0,
I15,31,5,n,0,0,0,0,
I15,32,1,hp,0,0,0,0,
I15,32,2,hp,0,0,17,0,
I15,32,3,c,0,22,48,0,
I15,32,4,hp,0,10,56,0,
I15,32,5,c,1,,43,0,
I15,32,6,c,1,,58,0,
I15,32,7,hp,0,10,33,0,
I15,32,8,c,0,3,24,0,
I15,32,9,c,0,,65,0,
I15,32,1,n,0,1,29,0,
I15,32,2,n,1,8,42,0,
I15,32,3,n,1,25,48,0,
I15,32,4,n,0,19,49,0,
I15,32,5,n,1,10,53,0,
I15,34,1,hp,1,,43,0,
I15,34,2,c,1,,55,0,
I15,34,3,hp,1,7,32,0,
I15,34,1,n,0,21,46,0,
I15,36,1,hp,1,11,30,0,
I15,36,2,hp,0,0,0,0,
I15,36,3,hp,0,0,2,0,
I15,36,4,hp,1,14,40,0,
I15,36,5,c,1,3,39,0,
I15,36,6,hp,1,,42,0,
I15,36,7,c,1,,24,0,
I15,36,8,c,1,2,17,0,
I15,36,1,n,0,0,0,0,
I15,36,2,n,0,1,7,0,
I15,36,3,n,0,2,24,0,
I15,37,1,hp,1,,44,0,
I15,37,2,hp,1,9,36,0,
I15,37,3,hp,1,8,46,0,
I15,37,4,c,1,,38,0,
I15,37,5,hp,1,,51,0,
I15,37,6,c,1,,57,0,
I15,37,1,n,0,0,0,0,
I15,37,2,n,0,10,42,0,
I15,38,1,c,0,11,32,0,
I15,38,2,hp,1,,11,0,
I15,38,3,hp,0,0,0,0,
I15,38,4,c,0,0,8,0,
I15,38,5,c,1,9,45,0,
I15,38,1,n,0,0,4,0,
I15,38,2,n,0,24,44,0,
I15,38,3,n,0,22,42,0,
I15,39,1,hp,1,,38,0,
I15,39,2,c,1,13,46,0,
I15,39,3,c,1,,49,0,
I15,39,4,hp,1,,46,0,
I15,39,5,hp,1,,44,0,
I15,39,6,c,1,,44,0,
I15,39,7,c,0,0,0,0,
I15,39,8,hp,1,,44,0,
I15,39,9,c,1,,27,0,
I15,39,10,hp,1,,45,0,
I15,39,1,n,1,,29,0,
I15,39,2,n,0,0,6,0,
I15,39,3,n,1,,50,0,
I15,39,4,n,0,0,0,0,
I15,39,5,n,1,8,48,0,
I15,41,1,c,1,20,39,0,
I15,41,2,hp,1,9,47,0,
I15,41,3,c,0,8,40,0,
I15,41,4,hp,1,20,59,0,
I15,41,5,hp,0,25,60,0,
I15,41,6,c,1,7,63,0,
I15,41,7,hp,1,12,59,0,
I15,41,8,c,0,5,31,0,
I15,41,9,hp,0,5,13,1,
I15,41,10,c,1,1,29,1,
I15,41,1,n,0,0,0,0,
I15,41,2,n,1,3,45,0,
I15,41,3,n,1,15,46,0,
I15,41,4,n,0,0,0,0,
I15,41,5,n,0,1,18,0,
I15,45,1,c,1,24,50,0,
I15,45,2,hp,1,22,52,0,
I15,45,3,c,0,28,53,0,
I15,45,4,c,1,23,51,0,
I15,45,5,hp,1,,56,0,
I15,45,6,hp,1,23,53,0,
I15,45,7,hp,1,,53,0,
I15,45,8,c,1,2,59,1,
I15,45,9,hp,0,25,52,1,
I15,45,10,c,0,31,54,1,
I15,45,1,n,0,0,0,0,
I15,45,2,n,1,29,59,0,
I15,45,3,n,1,23,58,0,
I15,45,4,n,0,24,54,0,
I15,45,5,n,0,0,4,0,
I15,46,1,hp,1,2,15,0,
I15,46,2,c,0,0,0,0,
I15,46,3,c,1,8,,0,
I15,46,4,hp,0,0,0,0,
I15,46,1,n,1,17,72,0,
I15,46,2,n,0,0,10,0,
I15,47,1,hp,0,0,3,0,
I15,47,2,c,1,,61,0,
I15,47,3,hp,0,19,45,0,
I15,47,4,c,0,22,62,0,
I15,47,5,c,0,0,0,1,
I15,47,6,hp,1,,58,1,
I15,47,1,n,0,17,46,0,
I15,47,2,n,0,4,12,0,
I15,47,3,n,0,13,36,0,
I15,48,1,c,0,13,22,0,
I15,48,2,hp,0,34,51,0,
I15,48,3,hp,0,32,52,0,
I15,48,4,c,0,39,62,0,
I15,48,5,hp,0,2,6,1,
I15,48,6,c,0,13,30,1,
I15,48,7,hp,0,5,10,1,
I15,48,8,c,0,1,,1,
I15,48,9,c,0,0,4,1,
I15,48,10,hp,0,6,18,1,
I15,48,1,n,1,,9,0,
I15,48,2,n,1,11,27,0,
I15,48,3,n,0,6,19,0,
I15,48,4,n,0,0,11,0,
I15,48,5,n,0,36,56,0,
I15,49,1,c,1,,51,0,
I15,49,2,hp,1,,53,0,
I15,49,3,c,1,8,45,1,
I15,49,4,hp,1,,47,1,
I15,49,5,c,1,14,42,1,
I15,49,6,hp,1,3,44,1,
I15,49,7,hp,1,14,39,1,
I15,49,8,c,1,4,39,1,
I15,49,9,hp,0,0,0,1,
I15,49,10,c,0,0,0,1,
I15,49,1,n,0,20,40,0,
I15,49,2,n,0,14,33,1,
I15,49,3,n,0,19,38,1,
I15,49,4,n,0,5,19,1,
I15,49,5,n,0,2,9,1,
I15,50,1,c,0,36,73,0,
I15,50,2,hp,1,27,64,0,
I15,50,3,c,1,3,57,0,
I15,50,4,hp,1,6,35,0,
I15,50,5,c,0,15,55,1,
I15,50,6,hp,1,8,57,1,
I15,50,7,c,0,0,4,1,
I15,50,8,c,1,38,61,1,
I15,51,1,hp,1,,,,cut fruit
I15,51,2,c,0,4,20,0,
I15,51,3,hp,0,0,0,0,
I15,51,4,hp,1,1,29,0,
I15,51,5,c,1,,,,cut fruit
I15,51,6,c,0,0,0,0,
I15,51,1,n,0,10,40,0,
I15,51,2,n,1,1,38,0,
I15,51,3,n,0,0,0,0,
I15,52,1,c,0,27,43,0,
I15,52,2,c,0,34,51,0,
I15,52,3,hp,0,35,64,0,
I15,52,4,c,0,35,64,0,
I15,52,5,hp,0,0,0,0,
I15,52,6,hp,0,9,29,0,
I15,52,7,c,0,36,66,0,
I15,52,8,hp,0,11,30,0,
I15,52,9,c,0,0,1,0,
I15,52,10,hp,0,16,35,1,
I15,52,11,c,0,26,44,1,
I15,52,1,n,0,31,38,0,
I15,52,2,n,0,17,37,0,
I15,52,3,n,0,39,46,0,
I15,52,4,n,1,27,49,0,
I15,52,5,n,0,38,49,0,
I15,52,6,n,0,20,32,0,
I15,53,1,c,0,33,41,0,
I15,53,2,hp,0,39,56,0,
I15,53,3,c,1,37,60,0,
I15,53,4,hp,0,42,60,0,
I15,53,5,c,0,19,50,0,
I15,53,6,hp,1,15,35,0,
I15,53,7,hp,0,0,0,1,
I15,53,8,c,0,29,55,1,
I15,53,1,n,0,3,12,0,
I15,53,2,n,0,14,29,0,
I15,53,3,n,0,42,68,0,
I15,53,4,n,0,26,45,1,
I15,54,1,c,0,27,44,0,
I15,54,2,c,1,20,45,0,
I15,54,3,hp,1,26,49,0,
I15,54,4,hp,1,21,58,0,
I15,54,5,hp,0,33,51,0,
I15,54,6,hp,0,21,43,0,
I15,54,7,hp,1,28,52,0,
I15,54,8,c,0,28,57,0,
I15,54,9,c,1,,,0,cut fruit
I15,54,10,c,1,32,55,0,
I15,54,1,n,1,29,43,0,
I15,54,2,n,1,26,43,0,
I15,54,3,n,1,21,50,0,
I15,54,4,n,1,18,40,0,
I15,54,5,n,1,20,38,0,
I15,55,1,c,0,2,13,0,
I15,55,2,hp,1,8,31,0,
I15,55,3,hp,1,15,39,0,
I15,55,4,c,1,21,40,0,
I15,55,5,c,1,24,45,0,
I15,55,6,hp,1,22,46,0,
I15,55,7,hp,1,19,43,0,
I15,55,8,c,1,17,44,0,
I15,55,1,n,0,6,16,0,
I15,55,2,n,0,24,37,0,
I15,55,3,n,1,17,36,0,
I15,55,4,n,1,15,43,0,
I15,56,1,c,1,,57,0,
I15,56,2,hp,0,18,41,0,
I15,56,3,hp,1,4,61,0,
I15,56,4,c,1,3,60,0,
I15,56,5,c,1,22,61,0,
I15,56,6,hp,1,24,60,0,
I15,56,7,hp,0,27,57,0,
I15,56,8,c,0,33,63,0,
I15,56,9,c,0,15,41,1,
I15,56,10,hp,0,8,27,1,
I15,56,1,n,1,4,28,0,
I15,56,2,n,0,19,45,0,
I15,56,3,n,0,28,56,0,
I15,56,4,n,0,37,57,0,
I15,56,5,n,0,0,0,0,
I15,57,1,c,0,0,1,0,
I15,57,2,hp,1,9,55,0,
I15,57,3,hp,1,,56,0,
I15,57,4,c,1,11,53,0,
I15,57,5,hp,1,27,49,0,
I15,57,6,c,1,23,53,0,
I15,57,7,c,0,7,22,1,
I15,57,8,hp,0,28,42,1,
I15,57,9,hp,1,34,59,0,
I15,57,1,n,1,20,38,0,
I15,57,2,n,1,33,63,0,
I15,57,3,n,0,30,56,0,
I15,57,4,n,1,25,51,1,
I15,58,1,hp,0,3,7,0,
I15,58,2,hp,0,0,0,0,
I15,58,3,c,1,6,29,0,
I15,58,4,c,0,,46,0,
I15,58,5,c,0,,47,0,
I15,58,6,hp,1,5,35,0,
I15,58,7,c,1,,29,1,
I15,58,8,hp,0,2,12,1,
I15,58,9,c,1,2,22,1,
I15,58,10,hp,1,,25,1,
I15,58,1,n,1,7,29,1,
I15,58,2,n,1,8,42,0,
I15,58,3,n,1,4,48,0,
I15,58,4,n,1,,37,0,
I15,58,5,n,0,3,31,0,
I15,59,1,c,0,40,67,0,
I15,59,2,hp,0,22,47,0,
I15,59,3,hp,0,0,0,0,
I15,59,4,c,0,0,0,0,
I15,59,1,n,0,8,23,0,
I15,59,2,n,0,29,55,0,
I15,60,1,c,0,12,45,0,
I15,60,2,hp,0,12,51,0,
I15,60,3,hp,1,14,50,0,
I15,60,4,c,0,15,39,0,
I15,60,1,n,0,8,25,0,
I15,60,2,n,0,,,0,cut fruit
I16,61,1,c,0,42,62,0,
I16,61,2,c,0,23,54,0,
I16,61,3,c,1,39,57,0,
I16,61,4,c,0,17,49,0,
I16,61,5,hp,1,40,60,0,
I16,61,6,hp,0,30,57,0,
I16,61,7,hp,0,27,55,0,
I16,61,8,hp,0,0,2,0,
I16,61,1,n,0,9,44,0,
I16,61,2,n,0,18,54,0,
I16,61,3,n,0,12,46,0,
I16,61,4,n,0,0,31,0,
I16,62,1,hp,1,26,55,0,
I16,62,2,c,1,15,44,0,
I16,62,3,hp,1,31,49,1,
I16,62,4,c,1,3,16,1,
I16,62,5,c,0,13,32,1,
I16,62,6,hp,1,6,30,1,
I16,62,1,n,0,25,53,0,
I16,62,2,n,0,4,20,0,
I16,62,3,n,0,16,38,0,
I16,64,1,c,1,7,55,0,
I16,64,2,hp,0,24,54,0,
I16,64,3,hp,1,,34,0,
I16,64,4,c,1,,52,1,
I16,64,5,hp,0,21,49,1,
I16,64,6,hp,1,5,44,1,
I16,64,7,c,0,1,10,1,
I16,64,1,n,0,13,40,0,
I16,64,2,n,1,9,33,1,
I16,64,3,n,0,0,7,1,
I16,65,1,c,0,0,0,0,
I16,65,2,hp,0,4,23,0,
I16,65,3,hp,1,9,33,0,
I16,65,4,c,0,1,10,0,
I16,65,5,c,0,0,3,0,
I16,65,1,n,0,12,37,0,
I16,65,2,n,0,8,35,0,
I16,65,3,n,0,2,25,0,
I16,66,1,hp,1,,64,0,
I16,66,2,hp,1,2,60,0,
I16,66,3,c,1,2,57,0,
I16,66,4,c,0,19,69,0,
I16,66,5,hp,1,8,67,0,
I16,66,6,hp,1,11,55,0,
I16,66,7,c,0,1,11,0,
I16,66,8,hp,0,0,8,0,
I16,66,9,c,0,0,0,0,
I16,67,1,c,1,9,60,0,
I16,67,2,c,1,,69,0,
I16,67,3,c,1,26,65,0,
I16,67,4,hp,1,4,55,0,
I16,67,5,hp,0,0,12,0,
I16,67,6,hp,1,23,61,0,
I16,67,7,hp,1,5,59,0,
I16,67,8,c,1,22,68,0,
I16,67,9,hp,1,11,56,0,
I16,67,10,c,0,0,11,0,
I16,68,1,c,1,2,52,0,
I16,68,2,c,1,,,0,cut fruit
I16,68,3,hp,1,,,0,cut fruit
I16,68,4,hp,0,9,25,0,
I16,68,5,hp,1,24,62,0,
I16,68,6,c,1,4,31,0,
I16,68,7,c,1,6,24,0,
I16,68,8,hp,1,38,65,0,
I16,68,9,c,1,29,62,0,
I16,69,1,c,1,14,59,0,
I16,69,2,c,1,21,58,0,
I16,69,3,c,0,18,62,0,
I16,69,4,hp,0,20,63,0,
I16,69,5,hp,1,25,58,0,
I16,69,6,hp,1,12,26,0,
I16,69,7,hp,0,0,5,0,
I16,69,1,n,0,33,60,0,
I16,69,2,n,0,18,44,0,
I16,69,3,n,0,23,51,0,
I16,70,1,c,1,11,57,0,
I16,70,2,c,1,,,0,cut fruit
I16,70,3,hp,1,2,41,0,
I16,70,4,c,1,,,0,cut fruit
I16,70,5,hp,1,1,59,0,
I16,70,1,n,1,,60,0,
I16,70,2,n,1,12,41,0,
I16,70,3,n,1,8,58,0,
I16,71,1,c,0,20,48,0,
I16,71,2,c,0,3,40,0,
I16,71,3,hp,0,6,24,0,
I16,71,4,hp,0,12,45,0,
I16,71,5,c,0,6,24,1,
I16,71,6,hp,0,11,35,1,
I16,71,7,hp,0,2,22,1,
I16,71,8,c,0,0,31,1,
I16,71,9,c,1,7,34,1,
I16,71,10,hp,1,,31,1,
I16,71,1,n,0,17,43,0,
I16,71,2,n,1,24,60,0,
I16,71,3,n,1,6,56,0,
I16,71,4,n,0,15,32,0,
I16,71,5,n,0,14,41,0,
I16,72,1,c,1,5,58,0,
I16,72,2,c,1,17,54,0,
I16,72,3,c,1,18,61,0,
I16,72,4,c,0,21,56,0,
I16,72,5,hp,1,5,58,0,
I16,72,6,hp,1,10,60,0,
I16,72,7,hp,1,18,58,0,
I16,72,8,hp,1,7,58,0,
I16,72,9,c,1,,33,0,
I16,72,10,hp,0,5,16,0,
I16,72,1,n,1,8,44,0,
I16,72,2,n,1,6,53,0,
I16,72,3,n,1,,60,0,
I16,72,4,n,0,8,31,0,
I16,72,5,n,0,5,22,0,
I16,73,1,c,1,20,44,0,
I16,73,2,hp,1,17,50,0,
I16,73,3,hp,1,19,49,0,
I16,73,4,hp,1,20,54,0,
I16,73,5,hp,0,21,49,0,
I16,73,6,c,1,2,32,0,
I16,73,7,c,1,1,25,0,
I16,73,8,c,1,17,48,0,
I16,73,9,c,0,0,6,0,
I16,73,10,hp,1,8,43,0,
I16,73,1,n,0,6,42,0,
I16,73,2,n,0,8,19,0,
I16,73,3,n,1,11,49,0,
I16,73,4,n,1,6,37,0,
I16,73,5,n,1,14,35,0,
I16,74,1,c,1,18,64,0,
I16,74,2,c,1,15,66,0,
I16,74,3,hp,1,14,61,0,
I16,74,4,hp,0,0,12,0,
I16,74,5,hp,1,20,62,0,
I16,74,6,c,1,18,43,0,
I16,74,7,hp,0,0,0,1,
I16,74,8,c,1,,40,1,
I16,74,1,n,0,7,38,0,
I16,74,2,n,0,27,59,0,
I16,74,3,n,0,42,71,0,
I16,74,4,n,0,22,50,0,
I16,75,1,hp,1,,39,0,
I16,75,2,hp,0,3,35,0,
I16,75,3,c,1,,28,0,
I16,75,4,c,1,3,40,0,
I16,75,5,hp,1,1,28,0,
I16,75,6,c,1,,28,1,
I16,75,7,hp,1,,22,1,
I16,75,8,c,1,,34,1,
I16,75,1,n,0,18,53,0,
I16,75,2,n,0,4,40,0,
I16,75,3,n,0,6,43,0,
I16,75,4,n,0,8,25,0,
I16,76,1,c,0,13,30,0,
I16,76,2,hp,1,9,48,0,
I16,76,3,hp,0,13,45,0,
I16,76,4,c,0,3,29,0,
I16,76,5,c,0,2,27,0,
I16,76,6,c,1,,,0,cut fruit
I16,76,7,hp,1,,33,0,
I16,76,8,hp,1,,25,0,
I16,76,1,n,1,6,49,0,
I16,76,2,n,1,1,24,0,
I16,76,3,n,0,11,44,0,
I16,76,4,n,0,6,22,0,
I16,77,1,hp,1,22,54,0,
I16,77,2,c,0,16,61,0,
I16,77,3,hp,1,2,51,0,
I16,77,4,c,1,3,48,0,
I16,77,5,c,0,1,24,1,
I16,77,6,hp,0,8,50,1,
I16,77,7,c,0,6,48,1,
I16,77,1,n,0,18,42,0,
I16,77,2,n,0,13,33,0,
I16,77,3,n,0,9,50,1,
I16,77,4,n,0,14,41,1,
I16,79,1,c,0,18,48,0,
I16,79,2,hp,0,3,27,0,
I16,79,3,hp,0,1,18,0,
I16,79,4,c,0,0,0,0,
I16,79,5,c,0,0,10,0,
I16,79,6,hp,0,0,9,0,
I16,79,1,n,0,27,47,0,
I16,79,2,n,0,5,29,0,
I16,79,3,n,0,22,37,0,
I16,80,1,c,1,12,58,0,
I16,80,2,c,1,6,52,0,
I16,80,3,hp,1,14,64,0,
I16,80,4,hp,1,,36,0,
I16,80,5,c,0,3,55,0,
I16,80,6,hp,1,2,56,0,
I16,80,1,n,0,8,48,0,
I16,80,2,n,0,21,46,0,
I16,80,3,n,0,2,27,0,
I16,82,1,hp,1,29,63,0,
I16,82,2,c,1,2,49,0,
I16,82,3,hp,0,19,51,0,
I16,82,4,c,1,8,43,0,
I16,82,5,c,1,24,56,0,
I16,82,6,c,1,1,52,1,
I16,82,7,hp,1,16,49,1,
I16,82,8,hp,0,32,55,1,
I16,82,9,c,0,23,50,1,
I16,82,1,n,0,37,75,0,
I16,82,2,n,0,44,71,0,
I16,82,3,n,0,11,30,0,
I16,82,4,n,1,10,34,1,
I16,82,5,n,0,22,61,1,
I16,83,1,hp,1,21,68,0,
I16,83,2,c,1,17,68,0,
I16,83,3,hp,1,24,64,0,
I16,83,4,c,1,,,0,cut fruit
I16,83,5,c,1,14,55,0,
I16,83,6,hp,1,2,50,0,
I16,83,7,hp,1,15,50,1,
I16,83,8,c,1,10,52,1,
I16,83,9,hp,1,17,57,1,
I16,83,10,c,1,,55,1,
I16,83,1,n,0,19,60,0,
I16,83,2,n,0,13,52,0,
I16,83,3,n,1,,61,0,
I16,83,4,n,1,2,62,0,
I16,83,5,n,0,9,39,0,
I16,86,1,hp,0,0,0,0,
I16,86,2,c,1,13,44,0,
I16,86,3,c,1,16,48,0,
I16,86,4,hp,1,15,49,0,
I16,86,5,hp,1,5,48,0,
I16,86,6,c,0,8,31,0,
I16,86,7,hp,0,6,40,0,
I16,86,8,hp,0,7,35,0,
I16,86,9,c,0,1,22,0,
I16,86,1,n,0,28,73,0,
I16,86,2,n,1,18,60,0,
I16,86,3,n,0,11,31,0,
I16,86,4,n,0,34,68,0,
I16,87,1,c,0,1,14,0,
I16,87,2,hp,0,2,6,0,
I16,87,3,c,0,3,27,0,
I16,87,4,c,0,0,6,0,
I16,87,5,hp,0,0,11,0,
I16,87,6,hp,1,,21,0,
I16,87,1,n,0,,27,0,
I16,87,2,n,0,5,32,0,
I16,87,3,n,0,0,,0,
I16,88,1,c,1,7,55,0,
I16,88,2,hp,0,23,56,0,
I16,88,3,c,0,28,62,0,
I16,88,4,hp,1,2,46,0,
I16,88,5,hp,0,0,0,1,
I16,88,6,c,0,9,42,1,
I16,88,1,n,0,6,28,0,
I16,88,2,n,0,7,31,0,
I16,88,3,n,0,6,33,0,
I16,89,1,c,1,1,9,0,
I16,89,2,c,0,0,0,0,
I16,89,3,hp,0,0,0,0,
I16,89,1,n,0,5,30,0,
I16,89,2,n,0,4,21,0,
I16,90,1,hp,0,8,46,0,
I16,90,2,c,0,0,31,0,
I16,90,3,hp,0,29,51,0,
I16,90,4,c,1,16,54,0,
I16,90,5,hp,0,25,50,0,
I16,90,6,c,0,12,54,0,
I16,90,7,hp,0,12,48,0,
I16,90,8,c,0,0,7,0,
I16,90,9,hp,0,5,30,0,
I16,90,10,c,0,5,28,0,
I16,90,1,n,0,3,44,0,
I16,90,2,n,0,9,38,0,
I16,90,3,n,0,2,35,0,
I16,90,4,n,0,3,23,0,
I16,90,5,n,0,7,42,0,
I17,91,1,c,0,34,53,0,
I17,91,2,hp,1,34,56,0,
I17,91,3,hp,0,27,47,1,
I17,91,4,c,1,35,55,1,
I17,91,5,c,1,26,50,1,
I17,91,6,hp,1,28,56,1,
I17,91,7,c,0,13,31,0,
I17,91,8,hp,1,26,51,1,
I17,91,9,c,0,18,45,1,
I17,91,10,hp,1,14,41,1,
I17,91,1,n,0,6,21,0,
I17,91,2,n,0,27,51,1,
I17,91,3,n,0,14,32,1,
I17,91,4,n,1,9,34,1,
I17,91,5,n,1,20,56,1,
I17,92,1,c,0,33,46,0,
I17,92,2,c,0,34,49,0,
I17,92,3,hp,0,39,53,0,
I17,92,4,hp,1,30,44,0,
I17,92,5,hp,1,31,49,0,
I17,92,6,c,0,38,53,0,
I17,92,7,hp,0,21,35,1,
I17,92,8,c,0,24,46,1,
I17,92,9,hp,0,32,50,1,
I17,92,10,c,0,8,28,1,
I17,92,1,n,0,11,57,0,
I17,92,2,n,0,1,6,0,
I17,92,3,n,0,21,51,0,
I17,92,4,n,0,4,32,1,
I17,92,5,n,0,0,0,1,
I17,93,1,hp,1,27,60,0,
I17,93,2,hp,1,28,51,0,
I17,93,3,hp,0,33,70,0,
I17,93,4,c,0,34,70,0,
I17,93,5,c,0,0,0,0,
I17,93,6,c,0,22,67,0,
I17,93,7,hp,0,7,,1,
I17,93,8,c,0,0,,1,
I17,93,9,hp,0,0,,1,
I17,93,1,n,1,29,59,0,
I17,93,2,n,1,25,54,0,
I17,93,3,n,0,5,24,0,
I17,93,4,n,0,24,57,0,
I17,94,1,c,1,19,38,0,
I17,94,2,hp,0,39,49,0,
I17,94,3,hp,0,40,50,0,
I17,94,4,c,0,41,46,0,
I17,94,5,hp,0,0,0,1,
I17,94,6,c,0,0,0,1,
I17,94,7,hp,0,14,17,1,
I17,94,8,c,0,14,31,1,
I17,94,9,c,1,26,45,1,
I17,94,10,hp,0,7,26,1,
I17,94,1,n,0,20,45,0,
I17,94,2,n,1,33,62,0,
I17,94,3,n,0,28,55,1,
I17,94,4,n,0,2,,1,
I17,94,5,n,0,0,11,1,
I17,95,1,hp,1,9,23,0,
I17,95,2,hp,1,,41,0,
I17,95,3,c,1,7,30,0,
I17,95,4,c,1,,47,0,
I17,95,5,c,1,10,36,0,
I17,95,6,hp,1,,57,0,
I17,95,7,c,1,15,56,0,
I17,95,8,c,0,0,0,1,
I17,95,9,hp,0,0,0,1,
I17,95,1,n,1,6,28,0,
I17,95,2,n,1,13,33,0,
I17,95,3,n,1,2,26,0,
I17,95,4,n,1,,60,0,
I17,95,5,n,0,8,42,0,
I17,96,1,c,1,,34,0,
I17,96,2,c,1,5,31,0,
I17,96,3,c,0,4,25,0,
I17,96,4,hp,0,18,44,0,
I17,96,5,hp,0,4,42,0,
I17,96,6,hp,0,14,33,0,
I17,96,7,hp,0,28,54,0,
I17,96,8,hp,0,0,9,0,
I17,96,9,c,1,2,20,0,
I17,96,10,c,0,0,3,0,
I17,96,1,n,0,5,31,0,
I17,96,2,n,0,6,29,0,
I17,96,3,n,0,12,32,0,
I17,96,4,n,0,0,12,0,
I17,96,5,n,0,0,0,0,
I17,97,1,c,0,0,0,0,
I17,97,2,hp,0,0,4,0,
I17,97,3,hp,0,0,,0,
I17,97,4,hp,0,0,0,0,
I17,97,5,hp,0,0,0,0,
I17,97,6,hp,0,0,,0,
I17,97,7,c,0,0,7,0,
I17,97,8,c,0,0,0,0,
I17,97,9,c,0,0,0,0,
I17,98,1,hp,1,11,30,0,
I17,98,2,hp,0,18,37,0,
I17,98,3,c,0,4,32,0,
I17,98,4,c,0,0,5,0,
I17,98,5,c,0,0,,0,
I17,98,6,hp,0,0,0,0,
I17,98,7,c,0,0,5,0,
I17,98,1,n,0,10,33,0,
I17,98,2,n,0,10,35,0,
I17,98,3,n,0,12,32,0,
I17,98,4,n,0,3,30,0,
I17,99,1,c,0,10,25,0,
I17,99,2,c,0,6,20,0,
I17,99,3,hp,0,11,28,0,
I17,99,4,hp,0,12,28,0,
I17,99,5,hp,0,18,37,0,
I17,99,6,hp,0,20,43,0,
I17,99,7,hp,0,22,43,0,
I17,99,8,c,0,26,47,0,
I17,99,9,c,0,24,48,0,
I17,99,10,c,0,5,40,0,
I17,99,11,hp,0,14,33,1,
I17,99,12,c,0,20,39,1,
I17,99,1,n,0,13,34,0,
I17,99,2,n,0,14,32,0,
I17,99,3,n,0,4,,0,
I17,99,4,n,0,20,49,0,
I17,99,5,n,0,14,42,0,
I17,99,6,n,0,1,9,0,
I17,100,1,hp,0,19,43,0,
I17,100,2,c,0,19,42,0,
I17,100,3,hp,1,6,24,0,
I17,100,4,c,0,12,50,0,
I17,100,5,,1,21,49,0,
I17,100,6,hp,0,2,15,0,
I17,100,7,c,1,22,46,0,
I17,100,8,c,0,1,20,0,
I17,100,9,c,0,5,,0,
I17,100,1,n,1,11,38,0,
I17,100,2,n,0,2,10,0,
I17,100,3,n,0,6,36,0,
I17,100,4,n,0,13,40,0,
I17,100,5,n,0,1,16,0,
I17,101,1,c,0,0,0,0,
I17,101,2,hp,0,0,0,0,
I17,101,3,c,0,0,5,0,
I17,101,4,hp,0,0,0,0,
I17,101,5,hp,0,0,0,0,
I17,101,6,hp,0,0,0,0,
I17,101,7,c,0,15,35,0,
I17,101,8,c,0,24,66,0,
I17,101,1,n,0,16,44,0,
I17,101,2,n,0,28,49,0,
I17,101,3,n,0,17,38,0,
I17,101,4,n,0,0,4,0,
I17,102,1,hp,0,0,1,0,
I17,102,2,c,0,0,4,0,
I17,102,3,c,0,0,4,0,
I17,102,4,hp,0,0,4,0,
I17,102,5,c,0,0,3,0,
I17,102,6,c,0,6,16,0,
I17,102,1,n,0,25,48,0,
I17,102,2,n,0,26,51,0,
I17,102,3,n,0,18,46,0,
I17,102,4,n,0,32,55,0,
I17,103,1,c,1,25,34,0,
I17,103,2,c,0,30,36,0,
I17,103,3,hp,1,17,40,0,
I17,103,4,hp,0,17,34,0,
I17,103,5,hp,0,25,40,0,
I17,103,6,hp,1,33,48,0,
I17,103,7,hp,0,35,47,0,
I17,103,8,c,0,33,46,0,
I17,103,9,c,0,32,45,0,
I17,103,10,c,0,13,28,1,
I17,103,1,n,0,0,3,0,
I17,103,2,n,0,0,2,0,
I17,103,3,n,0,10,25,0,
I17,103,4,n,0,19,43,0,
I17,103,5,n,0,24,47,0,
I17,104,1,hp,0,16,26,0,
I17,104,2,c,0,35,51,0,
I17,104,3,hp,0,5,17,0,
I17,104,4,c,1,18,40,0,
I17,104,5,c,1,29,51,0,
I17,104,6,c,1,15,47,0,
I17,104,7,hp,0,40,56,0,
I17,104,8,c,1,18,48,0,
I17,104,9,hp,1,20,57,0,
I17,104,1,n,0,43,52,0,
I17,104,2,n,0,23,38,0,
I17,104,3,n,0,40,53,0,
I17,104,4,n,0,16,44,0,
I17,104,5,n,0,22,35,0,
I17,105,1,hp,0,46,75,0,
I17,105,2,c,1,28,53,0,
I17,105,3,hp,0,38,75,0,
I17,105,4,c,1,31,67,0,
I17,105,5,hp,0,2,19,0,
I17,105,6,c,1,48,73,0,
I17,105,7,c,0,0,0,1,
I17,105,8,hp,0,0,0,1,
I17,105,9,c,0,1,5,1,
I17,105,10,c,0,0,5,1,
I17,105,11,hp,0,8,30,1,
I17,105,1,n,1,16,44,0,
I17,105,2,n,0,9,36,0,
I17,105,3,n,1,20,53,0,
I17,105,4,n,1,8,35,1,
I17,105,5,n,1,8,21,1,
I17,105,6,n,0,14,29,1,
I17,106,1,c,0,11,16,0,
I17,106,2,c,0,20,34,0,
I17,106,3,hp,0,41,45,0,
I17,106,4,hp,0,26,47,0,
I17,106,5,hp,0,14,24,0,
I17,106,6,hp,0,27,47,0,
I17,106,7,c,1,9,42,0,
I17,106,8,c,0,28,52,0,
I17,106,9,hp,1,35,54,0,
I17,106,10,c,0,0,0,0,
I17,106,1,n,0,27,43,0,
I17,106,2,n,0,45,57,0,
I17,106,3,n,1,28,42,0,
I17,106,4,n,0,29,35,0,
I17,106,5,n,0,7,15,0,
I17,107,1,hp,1,24,39,0,
I17,107,2,c,0,31,45,0,
I17,107,3,hp,0,21,45,0,
I17,107,4,c,0,34,50,0,
I17,107,5,hp,1,30,48,0,
I17,107,6,hp,0,38,52,0,
I17,107,7,c,0,34,53,0,
I17,107,8,c,0,5,14,1,
I17,107,9,hp,0,15,41,1,
I17,107,1,n,0,32,46,0,
I17,107,2,n,0,37,50,0,
I17,107,3,n,0,8,23,0,
I17,107,4,n,0,31,49,0,
I17,108,1,hp,0,0,5,0,
I17,108,2,c,0,0,2,0,
I17,108,3,hp,0,0,3,0,
I17,108,4,hp,0,15,33,0,
I17,108,5,c,0,0,1,0,
I17,108,6,hp,0,0,11,0,
I17,108,7,c,0,6,14,0,
I17,108,8,c,0,0,,0,
I17,108,1,n,0,46,63,0,
I17,108,2,n,0,8,30,0,
I17,108,3,n,0,16,45,0,
I17,108,4,n,0,31,54,0,
I17,109,1,c,0,0,0,0,
I17,109,2,c,0,0,0,0,
I17,109,3,c,0,0,0,0,
I17,109,4,hp,0,0,39,0,
I17,109,5,hp,0,0,0,0,
I17,109,6,c,0,0,4,0,
I17,109,7,c,0,12,38,1,
I17,109,1,n,0,16,35,0,
I17,109,2,n,0,23,56,0,
I17,109,3,n,0,0,7,0,
I17,109,4,n,0,1,11,0,
I17,109,5,n,0,11,34,0,
I17,111,1,c,0,34,57,0,
I17,111,2,c,1,35,63,0,
I17,111,3,hp,0,31,62,0,
I17,111,4,hp,0,35,63,0,
I17,111,5,hp,0,35,61,0,
I17,111,6,hp,0,36,66,0,
I17,111,7,c,0,37,65,0,
I17,111,8,c,0,28,68,0,
I17,111,9,hp,0,10,39,0,
I17,111,10,c,0,38,69,0,
I17,111,1,n,0,25,48,0,
I17,111,2,n,0,9,31,0,
I17,111,3,n,0,26,50,0,
I17,111,4,n,0,39,62,0,
I17,111,5,n,0,24,50,0,
I17,112,1,hp,1,14,38,0,
I17,112,2,hp,1,20,38,0,
I17,112,3,hp,0,0,0,0,
I17,112,4,c,1,21,53,0,
I17,112,5,c,0,24,55,0,
I17,112,6,hp,0,20,67,0,
I17,112,7,c,1,22,55,0,
I17,112,8,c,0,41,57,0,
I17,112,1,n,0,27,52,0,
I17,112,2,n,0,16,57,0,
I17,112,3,n,0,24,67,0,
I17,112,4,n,0,10,37,0,
I17,113,1,c,1,15,35,0,
I17,113,2,c,1,8,43,0,
I17,113,3,hp,0,0,7,0,
I17,113,4,hp,0,32,42,0,
I17,113,5,c,1,25,44,0,
I17,113,6,c,0,16,51,0,
I17,113,7,hp,0,43,55,0,
I17,113,8,hp,0,35,58,0,
I17,113,9,c,1,17,56,0,
I17,113,10,hp,0,25,32,1,
I17,113,11,c,0,0,7,1,
I17,113,1,n,0,46,49,0,
I17,113,2,n,0,39,50,0,
I17,113,3,n,0,37,45,0,
I17,113,4,n,0,24,44,0,
I17,113,5,n,0,15,35,0,
I17,114,1,c,0,23,30,0,
I17,114,2,c,0,19,28,0,
I17,114,3,hp,1,8,40,0,
I17,114,4,hp,0,24,37,0,
I17,114,5,hp,0,18,40,0,
I17,114,6,c,0,37,47,0,
I17,114,7,hp,0,34,46,0,
I17,114,8,c,1,23,45,0,
I17,114,9,hp,1,28,48,0,
I17,114,10,c,0,14,29,0,
I17,114,1,n,0,11,29,0,
I17,114,2,n,1,6,49,0,
I17,114,3,n,0,37,58,0,
I17,114,4,n,1,12,50,0,
I17,114,5,n,1,0,25,0,
I17,115,1,hp,0,0,5,0,
I17,115,2,c,1,20,49,0,
I17,115,3,c,0,0,0,0,
I17,115,4,hp,0,30,55,0,
I17,115,5,c,0,0,9,0,
I17,115,6,hp,0,9,22,0,
I17,115,7,hp,1,34,64,0,
I17,115,8,c,1,,33,0,
I17,115,1,n,1,28,59,0,
I17,115,2,n,0,17,40,0,
I17,115,3,n,0,18,44,0,
I17,115,4,n,0,17,42,0,
I17,117,1,c,0,14,30,0,
I17,117,2,hp,0,23,36,0,
I17,117,3,hp,0,25,41,0,
I17,117,4,c,0,8,35,0,
I17,117,5,hp,0,35,42,0,
I17,117,6,c,0,4,19,0,
I17,117,7,hp,1,26,54,0,
I17,117,8,c,0,27,53,0,
I17,117,9,hp,0,13,27,1,
I17,117,1,n,0,28,45,0,
I17,117,2,n,0,16,39,0,
I17,117,3,n,0,10,35,0,
I17,117,4,n,0,8,25,0,
I17,118,1,c,0,34,47,0,
I17,118,2,hp,0,13,50,0,
I17,118,3,c,1,10,46,0,
I17,118,4,hp,0,37,54,0,
I17,118,5,c,0,26,51,0,
I17,118,6,hp,1,31,57,0,
I17,118,7,hp,0,28,51,0,
I17,118,8,c,0,12,32,0,
I17,118,9,hp,1,,57,0,
I17,118,10,c,1,8,57,0,
I17,118,1,n,0,27,40,0,
I17,118,2,n,0,44,55,0,
I17,118,3,n,0,50,58,0,
I17,118,4,n,0,36,52,0,
I17,118,5,n,0,22,37,0,
I7,128,1,hp,0,11,66,0,reproductive stem 1
I7,128,2,hp,0,10,48,0,reproductive stem 1
I7,128,3,c,0,0,2,0,reproductive stem 1
I7,128,4,c,0,1,18,1,reproductive stem 1
I7,128,5,hp,0,0,0,1,reproductive stem 1
I7,128,6,c,1,18,69,0,reproductive stem 2
I7,128,7,hp,1,6,63,0,reproductive stem 2
I7,128,8,c,1,0,47,0,reproductive stem 2
I7,128,9,hp,0,7,61,0,reproductive stem 2
I7,128,1,n,0,18,50,0,
I7,128,2,n,0,15,62,0,
I7,128,3,n,0,4,53,0,
I7,128,4,n,0,3,19,1,
I7,129,1,c,0,20,62,0,
I7,129,2,c,0,12,61,0,
I7,129,3,hp,0,4,55,0,
I7,129,4,hp,0,4,48,0,
I7,129,5,hp,0,4,42,0,
I7,129,6,c,0,0,0,0,
I7,129,1,n,0,35,55,0,
I7,129,2,n,1,7,56,0,
I7,129,3,n,0,15,51,0,
I7,130,1,c,0,0,2,0,
I7,130,2,hp,0,0,0,0,
I7,130,3,hp,0,,,0,
I7,130,4,c,0,0,0,0,
I7,130,1,n,0,0,6,0,
I7,130,2,n,0,22,45,0,
I7,131,1,c,0,22,59,0,
I7,131,2,c,0,16,55,0,
I7,131,3,hp,0,0,16,0,
I7,131,4,hp,1,13,56,0,
I7,131,5,hp,0,5,44,0,
I7,131,6,c,0,0,6,0,
I7,131,1,n,0,19,30,0,
I7,131,2,n,0,7,14,0,
I7,131,3,n,0,48,61,0,
I7,134,1,c,0,2,66,0,
I7,134,2,hp,0,0,1,0,
I7,134,3,hp,0,0,6,0,
I7,134,4,c,0,0,,0,
I7,134,5,hp,0,0,4,0,
I7,134,6,c,0,2,65,0,
I7,134,1,n,0,0,53,0,
I7,134,2,n,0,0,43,0,
I7,134,3,n,0,0,31,0,
I7,135,1,hp,0,17,45,0,
I7,135,2,c,0,8,36,0,
I7,135,3,c,0,24,44,0,
I7,135,1,n,0,15,42,0,
I7,135,2,n,0,12,41,0,
I7,136,1,c,0,,50,0,
I7,136,2,c,0,15,55,0,
I7,136,3,hp,0,0,34,0,
I7,136,4,hp,0,1,41,0,
I7,136,5,hp,0,2,45,0,
I7,136,1,n,0,12,47,0,
I7,136,2,n,0,0,8,0,
I7,137,1,c,0,1,64,0,
I7,137,2,c,0,1,33,0,
I7,137,3,hp,0,0,5,0,
I7,137,4,hp,0,0,0,0,
I7,137,5,c,0,0,0,0,
I7,137,6,hp,0,0,0,0,
I7,137,1,n,0,5,53,0,
I7,137,2,n,0,0,22,0,
I7,137,3,n,0,0,11,0,
I7,138,1,hp,0,0,54,0,
I7,138,2,c,0,4,55,0,
I7,138,3,hp,0,1,35,0,
I7,138,4,c,0,0,5,0,
I7,138,5,c,0,,56,1,
I7,138,6,hp,0,0,10,1,
I7,138,1,n,0,4,51,0,
I7,138,2,n,0,2,22,0,
I7,138,3,n,0,11,31,0,
I7,139,1,c,0,,57,0,
I7,139,2,hp,1,,59,0,
I7,139,3,hp,1,5,55,0,
I7,139,4,hp,1,2,43,0,
I7,139,5,c,0,0,27,0,
I7,139,6,c,0,0,23,0,
I7,139,1,n,0,9,35,0,
I7,139,2,n,0,26,47,0,
I7,139,3,n,0,18,45,0,
I7,140,1,c,0,11,32,0,
I7,140,2,hp,0,0,5,0,
I7,140,3,c,0,0,0,0,
I7,140,4,hp,0,0,0,0,
I7,140,5,hp,1,0,12,0,
I7,140,6,c,0,5,19,0,
I7,140,1,n,0,9,57,0,
I7,140,2,n,0,2,63,0,
I7,140,3,n,0,14,63,0,
I7,141,1,c,0,7,41,0,
I7,141,2,hp,0,10,51,0,
I7,141,3,hp,0,4,31,0,
I7,141,4,hp,0,0,6,0,
I7,141,5,c,0,4,25,0,
I7,141,6,c,0,3,29,0,
I7,141,1,n,0,16,57,0,
I7,141,2,n,0,29,66,0,
I7,141,3,n,0,11,33,0,